CREATE TYPE session_types AS ENUM ('Lecture', '1-to-1', 'Practical');
CREATE TYPE title_types AS ENUM ('Mr', 'Mrs', 'Miss', 'Ms', 'Mx', 'Dr', 'Lord', 'Lady');
CREATE TYPE room_types AS ENUM ('Computer Lab', 'Science Lab', 'Classroom', 'Lecture Hall');
CREATE TYPE enrolment_status_type AS ENUM ('Enrolling', 'Complete', 'Dropped Out');
CREATE TYPE absence_types AS ENUM ('Holiday', 'Personal', 'Sickness');

CREATE OR REPLACE FUNCTION PHONE_CODE_REGEX()
RETURNS TEXT AS 
$$
DECLARE REGEX TEXT;
    BEGIN
        REGEX := '\+[0-9]{1,3}';
    RETURN REGEX;
END;
$$
LANGUAGE plpgsql;

CREATE TABLE department (
    dept_id SERIAL PRIMARY KEY,
    dept_name VARCHAR(50) UNIQUE NOT NULL,
    description TEXT NOT NULL
);

CREATE TABLE course (
    course_id SERIAL PRIMARY KEY,
    dept_id INT NOT NULL,
    course_name VARCHAR(50) UNIQUE NOT NULL,
    course_description TEXT NOT NULL,
    course_cost DECIMAL(7, 2) NOT NULL,

    FOREIGN KEY (dept_id) REFERENCES department(dept_id),

    CHECK (course_cost >= 0)
);

CREATE TABLE subject (
    subject_id SERIAL PRIMARY KEY,
    subject_name VARCHAR(50) NOT NULL,
    subject_level SMALLINT NOT NULL,
    subject_description TEXT NOT NULL,

    CHECK (subject_level BETWEEN 4 AND 7),

    UNIQUE(subject_name, subject_level)
);

CREATE TABLE course_subject (
    course_id INT NOT NULL,
    subject_id INT NOT NULL,

    FOREIGN KEY (course_id) REFERENCES course(course_id),
    FOREIGN KEY (subject_id) REFERENCES subject(subject_id),
    
    PRIMARY KEY (course_id, subject_id)
);

CREATE TABLE branch (
    branch_id SERIAL PRIMARY KEY,
    branch_name VARCHAR(30) UNIQUE NOT NULL,
    branch_addr1 VARCHAR(50) NOT NULL,
    branch_addr2 VARCHAR(50),
    branch_city VARCHAR(30) NOT NULL,
    branch_postcode VARCHAR(20),
    branch_country_code CHAR(2) NOT NULL,
    branch_email VARCHAR(50) UNIQUE NOT NULL,
    branch_phone_country_code VARCHAR(4) NOT NULL,
    branch_phone_number VARCHAR(15) UNIQUE NOT NULL,

    CHECK (branch_phone_country_code SIMILAR TO PHONE_CODE_REGEX())
);

CREATE TABLE staff (
    staff_id SERIAL PRIMARY KEY,
    dept_id INT NOT NULL,
    branch_id INT NOT NULL,
    is_branch_manager BOOLEAN NOT NULL,
    staff_email VARCHAR(50) UNIQUE NOT NULL,
    staff_mobile_code VARCHAR(4) NOT NULL,
    staff_mobile_number VARCHAR(15) UNIQUE NOT NULL,
    staff_first_name VARCHAR(30) NOT NULL,
    staff_middle_name VARCHAR(30),
    staff_last_name VARCHAR(30) NOT NULL,
    staff_title title_types NOT NULL,
    staff_addr1 VARCHAR(50) NOT NULL,
    staff_addr2 VARCHAR(50),
    staff_city VARCHAR(30) NOT NULL,
    staff_postcode VARCHAR(20),
    staff_country_code CHAR(2) NOT NULL,

    FOREIGN KEY (dept_id) REFERENCES department(dept_id),
    FOREIGN KEY (branch_id) REFERENCES branch(branch_id),

    CHECK (staff_mobile_code SIMILAR TO PHONE_CODE_REGEX())
);

CREATE TABLE staff_assignment (
    staff_assignment_id SERIAL PRIMARY KEY,
    branch_manager_id INT NOT NULL,
    staff_id INT NOT NULL,
    assignment_title VARCHAR(100) NOT NULL,
    assignment_description TEXT NOT NULL,
    assignment_deadline TIMESTAMP,
    assignment_complete BOOLEAN NOT NULL,
    is_urgent BOOLEAN NOT NULL,

    FOREIGN KEY (branch_manager_id) REFERENCES staff(staff_id),
    FOREIGN KEY (staff_id) REFERENCES staff(staff_id)
);

CREATE TABLE course_staff (
    course_id INT NOT NULL,
    staff_id INT NOT NULL,

    FOREIGN KEY (course_id) REFERENCES course(course_id),
    FOREIGN KEY (staff_id) REFERENCES staff(staff_id),
    
    PRIMARY KEY (course_id, staff_id)
);

CREATE TABLE role (
    role_id SERIAL PRIMARY KEY,
    role_name VARCHAR(50) UNIQUE NOT NULL,
    role_description TEXT NOT NULL
);

CREATE TABLE staff_role (
    staff_id INT NOT NULL,
    role_id INT NOT NULL,

    FOREIGN KEY (staff_id) REFERENCES staff(staff_id),
    FOREIGN KEY (role_id) REFERENCES role(role_id),

    PRIMARY KEY (staff_id, role_id)
);

CREATE TABLE staff_availability (
    staff_id INT NOT NULL,
    day_of_week SMALLINT NOT NULL,

    FOREIGN KEY (staff_id) REFERENCES staff(staff_id),

    CHECK (day_of_week BETWEEN 1 AND 7),

    PRIMARY KEY (staff_id, day_of_week)
);

CREATE TABLE staff_absence (
    staff_id INT NOT NULL,
    absence_start TIMESTAMP NOT NULL,
    absence_end TIMESTAMP NOT NULL,
    absence_type absence_types NOT NULL,

    FOREIGN KEY (staff_id) REFERENCES staff(staff_id),

    PRIMARY KEY (staff_id, absence_start, absence_end)
);

CREATE TABLE room (
    room_id SERIAL PRIMARY KEY,
    branch_id INT NOT NULL,
    room_name VARCHAR(20) NOT NULL,
    room_type room_types NOT NULL,
    capacity SMALLINT NOT NULL,

    FOREIGN KEY (branch_id) REFERENCES branch(branch_id),

    CHECK (capacity > 0)
);

CREATE TABLE facility (
    facility_id SERIAL PRIMARY KEY,
    facility_name VARCHAR(50) UNIQUE NOT NULL
);

CREATE TABLE room_facility (
    room_id INT NOT NULL,
    facility_id INT NOT NULL,
    quantity SMALLINT NOT NULL,

    FOREIGN KEY (room_id) REFERENCES room(room_id),
    FOREIGN KEY (facility_id) REFERENCES facility(facility_id),

    CHECK (quantity > 0),

    PRIMARY KEY (room_id, facility_id)
);

CREATE TABLE student(
    student_id SERIAL PRIMARY KEY,
    student_email VARCHAR(50) UNIQUE NOT NULL,
    student_first_name VARCHAR(30) NOT NULL,
    student_middle_name VARCHAR(30),
    student_last_name VARCHAR(30) NOT NULL,
    student_title title_types NOT NULL,
    student_mobile_code VARCHAR(4) NOT NULL,
    student_mobile VARCHAR(15) UNIQUE NOT NULL,
    student_addr1 VARCHAR(50) NOT NULL,
    student_addr2 VARCHAR(50),
    student_city VARCHAR(30) NOT NULL,
    student_postcode VARCHAR(20),
    student_country_code CHAR(2) NOT NULL,
    student_date_of_birth DATE NOT NULL,

    CHECK (student_mobile_code SIMILAR TO PHONE_CODE_REGEX())
);

CREATE TABLE emergency_contact (
    student_emergency_contact_id SERIAL PRIMARY KEY,
    student_id INT NOT NULL,
    student_emergency_contact_first_name VARCHAR(30) NOT NULL,
    student_emergency_contact_last_name VARCHAR(30) NOT NULL,
    student_emergency_contact_relationship VARCHAR(20) NOT NULL,
    student_emergency_phone_country_code VARCHAR(4) NOT NULL,
    student_emergency_contact_number VARCHAR(15) UNIQUE NOT NULL,
    student_emergency_contact_alt_number VARCHAR(15),
    student_emergency_contact_email VARCHAR(50) UNIQUE NOT NULL,
    student_emergency_other_details TEXT,
    emergency_shares_student_address BOOLEAN NOT NULL,

    FOREIGN KEY (student_id) REFERENCES student(student_id),

    CHECK (student_emergency_phone_country_code SIMILAR TO PHONE_CODE_REGEX())
);

CREATE TABLE health_condition (
    health_condition_id SERIAL PRIMARY KEY,
    health_condition_name VARCHAR(30) UNIQUE NOT NULL,
    health_condition_notes TEXT
);

CREATE TABLE student_health_condition (
    student_id INT NOT NULL,
    health_condition_id INT NOT NULL,
    severity SMALLINT NOT NULL, 
    student_health_notes TEXT,

    FOREIGN KEY (student_id) REFERENCES student(student_id),
    FOREIGN KEY (health_condition_id) REFERENCES health_condition(health_condition_id),

    CHECK (severity BETWEEN 1 AND 5),

    PRIMARY KEY (student_id, health_condition_id)
);

CREATE TABLE evaluation_session (
    tutor_id INT NOT NULL,
    student_id INT NOT NULL,
    session_datetime TIMESTAMP NOT NULL,
    room_id INT,
    session_notes TEXT,
    is_online BOOLEAN NOT NULL,

    FOREIGN KEY (tutor_id) REFERENCES staff(staff_id),
    FOREIGN KEY (student_id) REFERENCES student(student_id),
    FOREIGN KEY (room_id) REFERENCES room(room_id),

    CHECK ((NOT is_online AND room_id IS NOT NULL) OR (is_online AND room_id IS NULL)),

    PRIMARY KEY (tutor_id, student_id, session_datetime)
);

CREATE TABLE assignment (
    assignment_id SERIAL PRIMARY KEY,
    staff_id INT NOT NULL,
    subject_id INT NOT NULL,
    set_date TIMESTAMP NOT NULL,
    due_date TIMESTAMP,
    assignment_description TEXT,
    is_assignment_assessed BOOLEAN NOT NULL,
    assignment_weight DECIMAL(5, 2),

    FOREIGN KEY (staff_id) REFERENCES staff(staff_id),
    FOREIGN KEY (subject_id) REFERENCES subject(subject_id),

    CHECK (due_date >= set_date OR due_date IS NULL),
    CHECK (assignment_weight BETWEEN 0 AND 100 OR assignment_weight IS NULL)
);

CREATE TABLE student_assignment (
    student_id INT NOT NULL,
    assignment_id INT NOT NULL,
    submission_datetime TIMESTAMP NOT NULL,
    assignment_percentage DECIMAL(5, 2),

    FOREIGN KEY (student_id) REFERENCES student(student_id),
    FOREIGN KEY (assignment_id) REFERENCES assignment(assignment_id),

    CHECK (assignment_percentage BETWEEN 0 AND 100 OR assignment_percentage IS NULL),

    PRIMARY KEY (student_id, assignment_id, submission_datetime)
);

CREATE TABLE session (
    session_id SERIAL PRIMARY KEY,
    subject_id INT NOT NULL,
    room_id INT,
    session_type session_types NOT NULL,
    session_status VARCHAR(15) NOT NULL,
    session_name VARCHAR(100) NOT NULL,
    session_start TIMESTAMP NOT NULL,
    session_end TIMESTAMP NOT NULL,
    is_online BOOLEAN NOT NULL,

    FOREIGN KEY (subject_id) REFERENCES subject(subject_id),
    FOREIGN KEY (room_id) REFERENCES room(room_id),

    CHECK (session_end >= session_start),
    CHECK ((NOT is_online AND room_id IS NOT NULL) OR (is_online AND room_id IS NULL))
);

CREATE TABLE session_student (
    session_id INT NOT NULL,
    student_id INT NOT NULL,
    attendance_status VARCHAR(15) NOT NULL,
    feedback_general_rating SMALLINT,
    feedback_online_connection_quality SMALLINT,
    feedback_concept_understood_rating SMALLINT,
    feedback_extra_notes TEXT,

    FOREIGN KEY (session_id) REFERENCES session(session_id),
    FOREIGN KEY (student_id) REFERENCES student(student_id),

    CHECK (feedback_general_rating BETWEEN 0 AND 10),
    CHECK (feedback_online_connection_quality BETWEEN 0 AND 10),
    CHECK (feedback_concept_understood_rating BETWEEN 0 AND 10),

    PRIMARY KEY (session_id, student_id)
);

CREATE TABLE session_staff (
    session_id INT NOT NULL,
    staff_id INT NOT NULL,

    FOREIGN KEY (session_id) REFERENCES session(session_id),
    FOREIGN KEY (staff_id) REFERENCES staff(staff_id),
    
    PRIMARY KEY (session_id, staff_id)
);

CREATE TABLE enrolment (
    enrolment_id SERIAL PRIMARY KEY,
    course_id INT NOT NULL,
    student_id INT NOT NULL,
    enrolment_status VARCHAR(15) NOT NULL,
    enrolment_start_date DATE NOT NULL,
    enrolment_end_date DATE NOT NULL,
    final_grade_percentage DECIMAL(5, 2),

    FOREIGN KEY (course_id) REFERENCES course(course_id),
    FOREIGN KEY (student_id) REFERENCES student(student_id),

    CHECK (enrolment_end_date > enrolment_start_date),
    CHECK (final_grade_percentage BETWEEN 0 AND 100 OR final_grade_percentage IS NULL)
);

CREATE TABLE student_payment (
    payment_id SERIAL PRIMARY KEY,
    enrolment_id INT NOT NULL,
    payment_status VARCHAR(15) NOT NULL,
    payment_amount DECIMAL(7,2) NOT NULL,
    payment_datetime TIMESTAMP NOT NULL,

    FOREIGN KEY (enrolment_id) REFERENCES enrolment(enrolment_id),

    CHECK (payment_amount >= 0)
);

INSERT INTO department(dept_name, description)
VALUES
    ('Technology', 'Nullam sit amet turpis elementum ligula vehicula consequat. Morbi a ipsum. Integer a nibh. In quis justo. Maecenas rhoncus aliquam lacus. Morbi quis tortor id nulla ultrices aliquet.'),
    ('Humanities', 'Maecenas tristique, est et tempus semper, est quam pharetra magna, ac consequat metus sapien ut nunc. Vestibulum ante ipsum primis in faucibus orci luctus et ultrices posuere cubilia Curae.'),
    ('HR', 'Cras mi pede, malesuada in, imperdiet et, commodo vulputate, justo. In blandit ultrices enim. Lorem ipsum dolor sit amet, consectetuer adipiscing elit. Proin interdum mauris non ligula pellentesque ultrices.'),
    ('Business', 'Vestibulum quam sapien, varius ut, blandit non, interdum in, ante. Vestibulum ante ipsum primis in faucibus orci luctus et ultrices posuere cubilia Curae; Duis faucibus accumsan odio. Curabitur convallis.'),
    ('Vocational Training', 'In congue. Etiam justo. Etiam pretium iaculis justo.'),
    ('Sciences', 'Curabitur in libero ut massa volutpat convallis. Morbi odio odio, elementum eu, interdum eu, tincidunt in, leo. Maecenas pulvinar lobortis est. Phasellus sit amet erat. Nulla tempus. Vivamus in felis eu sapien cursus vestibulum.'),
    ('Health & Medical', 'Phasellus in felis. Donec semper sapien a libero. Nam dui. Proin leo odio, porttitor id, consequat in, consequat ut, nulla. Sed accumsan felis. Ut at dolor quis odio consequat varius.'),
    ('Social Sciences', 'Nullam sit amet turpis elementum ligula vehicula consequat. Morbi a ipsum. Integer a nibh. In quis justo. Maecenas rhoncus aliquam lacus. Morbi quis tortor id nulla ultrices aliquet.'),
    ('Computer Science', 'Focus on software, hardware, and IT systems'),
    ('Business Administration', 'Studies in business management and strategy'),
    ('Engineering', 'Covers civil, mechanical, and electrical engineering'),
    ('Biology', 'Studies in life sciences and organisms'),
    ('Physics', 'Focus on the laws of nature and physical phenomena'),
    ('Mathematics', 'Specializes in pure and applied mathematics'),
    ('History', 'Focus on historical events and analysis'),
    ('Literature', 'Studies in prose, poetry, and drama'),
    ('Arts', 'Focus on visual and performing arts'),
    ('Education', 'Dedicated to teaching methods and pedagogy');

INSERT INTO course (dept_id, course_name, course_description, course_cost) 
VALUES 
    (1, 'grid-enabled', 'faucibus orci luctus et ultrices posuere cubilia curae mauris viverra diam vitae quam suspendisse potenti nullam porttitor lacus at turpis', 7819.92),
    (1, 'Ergonomic', 'erat quisque erat eros viverra eget congue eget semper rutrum nulla nunc purus phasellus in felis donec semper sapien a', 4972.83),
    (2, 'infrastructure', 'tincidunt eget tempus vel pede morbi porttitor lorem id ligula suspendisse ornare consequat lectus in est risus auctor sed tristique', 8792.69),
    (2, 'logistical', 'pulvinar lobortis est phasellus sit amet erat nulla tempus vivamus in felis eu sapien cursus vestibulum proin eu mi nulla', 920.82),
    (3, 'application', 'ultrices posuere cubilia curae nulla dapibus dolor vel est donec odio justo sollicitudin ut suscipit a feugiat et eros vestibulum', 9055.25),
    (4, 'portal', 'primis in faucibus orci luctus et ultrices posuere cubilia curae duis faucibus accumsan odio curabitur convallis duis consequat dui nec', 7907.27),
    (4, 'info-mediaries', 'morbi vestibulum velit id pretium iaculis diam erat fermentum justo nec condimentum neque sapien placerat ante nulla justo aliquam quis', 7676.67),
    (4, 'Robust', 'est phasellus sit amet erat nulla tempus vivamus in felis eu sapien cursus vestibulum proin eu mi nulla ac enim', 2835.99),
    (4, 'coherent', 'ut mauris eget massa tempor convallis nulla neque libero convallis eget eleifend luctus ultricies eu nibh quisque id justo sit', 8169.09),
    (5, 'even-keeled', 'cursus id turpis integer aliquet massa id lobortis convallis tortor risus dapibus augue vel accumsan tellus nisi eu orci mauris', 4685.27),
    (5, 'middleware', 'molestie hendrerit at vulputate vitae nisl aenean lectus pellentesque eget nunc donec quis orci eget orci vehicula condimentum curabitur in', 8737.43),
    (6, 'transitional', 'platea dictumst etiam faucibus cursus urna ut tellus nulla ut erat id mauris vulputate elementum nullam varius nulla facilisi cras', 848.6),
    (7, 'Realigned', 'pellentesque volutpat dui maecenas tristique est et tempus semper est quam pharetra magna ac consequat metus sapien ut nunc vestibulum', 5364.57),
    (8, 'Lorem ipsum', 'pretium quis lectus suspendisse potenti in eleifend quam a odio in hac habitasse platea dictumst maecenas ut massa quis augue', 5842.37),
    (9, 'foreground', 'sapien varius ut blandit non interdum in ante vestibulum ante ipsum primis in faucibus orci luctus et ultrices posuere cubilia', 8105.81),
    (9, 'encompassing', 'vel accumsan tellus nisi eu orci mauris lacinia sapien quis libero nullam sit amet turpis elementum ligula vehicula consequat morbi', 5925.59),
    (10, 'array', 'ridiculus mus vivamus vestibulum sagittis sapien cum sociis natoque penatibus et magnis dis parturient montes nascetur ridiculus mus etiam vel', 7308.02),
    (11, 'core', 'odio cras mi pede malesuada in imperdiet et commodo vulputate justo in blandit ultrices enim lorem ipsum dolor sit amet', 4951.36),
    (12, 'protocol', 'neque libero convallis eget eleifend luctus ultricies eu nibh quisque id justo sit amet sapien dignissim vestibulum vestibulum ante ipsum', 3720.26),
    (13, 'Implemented', 'congue etiam justo etiam pretium iaculis justo in hac habitasse platea dictumst etiam faucibus cursus urna ut tellus nulla ut', 4720.98),
    (14, 'Cloned', 'ante ipsum primis in faucibus orci luctus et ultrices posuere cubilia curae mauris viverra diam vitae quam suspendisse potenti nullam', 9369.12),
    (15, 'Multi-channelled', 'in est risus auctor sed tristique in tempus sit amet sem fusce consequat nulla nisl nunc nisl duis bibendum felis', 116.93),
    (16, 'Single-channelled', 'porttitor id consequat in consequat ut nulla sed accumsan felis ut at dolor quis odio consequat varius integer ac leo', 4144.1),
    (17, 'Stand-alone', 'libero ut massa volutpat convallis morbi odio odio elementum eu interdum eu tincidunt in leo maecenas pulvinar lobortis est phasellus', 5956.19),
    (18, 'framework', 'tortor sollicitudin mi sit amet lobortis sapien sapien non mi integer ac neque duis bibendum morbi non quam nec dui', 6241.94);

INSERT INTO subject(subject_id, subject_name, subject_level, subject_description) 
VALUES
    (1, 'Mathematics', 5, 'Study of numbers, quantities, and shapes.'),
    (2, 'Mathematics', 4, 'Study of numbers, quantities, and shapes.'),
    (3, 'Mathematics', 6, 'Study of numbers, quantities, and shapes.'),
    (4, 'English Literature', 4, 'Analysis and interpretation of literary texts.'),
    (5, 'English Literature', 5, 'Analysis and interpretation of literary texts.'),
    (6, 'English Literature', 7, 'Analysis and interpretation of literary texts.'),
    (7, 'Computer Science', 6, 'Study of computation, programming, and systems.'),
    (8, 'Computer Science', 4, 'Study of computation, programming, and systems.'),
    (9, 'Computer Science', 5, 'Study of computation, programming, and systems.'),
    (10, 'Physics', 5, 'Study of matter, energy, and the physical universe.'),
    (11, 'Physics', 6, 'Study of matter, energy, and the physical universe.'),
    (12, 'Physics', 7, 'Study of matter, energy, and the physical universe.'),
    (13, 'Chemistry', 4, 'Study of substances and their properties.'),
    (14, 'Chemistry', 5, 'Study of substances and their properties.'),
    (15, 'Chemistry', 6, 'Study of substances and their properties.'),
    (16, 'Biology', 5, 'Study of living organisms and ecosystems.'),
    (17, 'History', 4, 'Study of past events and their impact.'),
    (18, 'Geography', 4, 'Study of the Earth and its features.'),
    (19, 'Economics', 5, 'Study of production, distribution, and consumption.'),
    (20, 'Economics', 6, 'Study of production, distribution, and consumption.'),
    (21, 'Economics', 7, 'Study of production, distribution, and consumption.'),
    (22, 'Psychology', 5, 'Study of mind and behavior.'),
    (23, 'Psychology', 6, 'Study of mind and behavior.'),
    (24, 'Psychology', 7, 'Study of mind and behavior.'),
    (25, 'Philosophy', 5, 'Exploration of fundamental questions about existence.'),
    (26, 'Sociology', 4, 'Study of human society and social relationships.'),
    (27, 'Sociology', 5, 'Study of human society and social relationships.'),
    (28, 'Sociology', 6, 'Study of human society and social relationships.'),
    (29, 'Political Science', 5, 'Study of politics and government systems.'),
    (30, 'Political Science', 6, 'Study of politics and government systems.'),
    (31, 'Political Science', 7, 'Study of politics and government systems.'),
    (32, 'Art', 4, 'Creative expression through visual mediums.'),
    (33, 'Art', 5, 'Creative expression through visual mediums.'),
    (34, 'Art', 6, 'Creative expression through visual mediums.'),
    (35, 'Music', 4, 'Study and practice of musical theory and performance.'),
    (36, 'Drama', 4, 'Study and practice of theatrical performance.'),
    (37, 'Business Studies', 6, 'Principles of business and management.'),
    (38, 'Law', 5, 'Study of legal systems and jurisprudence.'),
    (39, 'Law', 6, 'Study of legal systems and jurisprudence.'),
    (40, 'Law', 7, 'Study of legal systems and jurisprudence.'),
    (41, 'Environmental Science', 5, 'Study of the environment and sustainability.'),
    (42, 'Engineering', 6, 'Application of science and math to solve problems.'),
    (43, 'Engineering', 7, 'Application of science and math to solve problems.');

INSERT INTO course_subject (course_id, subject_id)
VALUES (1, 5),
    (1, 10),
    (2, 12),
    (3, 8),
    (3, 15),
    (4, 20),
    (5, 25),
    (6, 30),
    (7, 35),
    (8, 40),
    (9, 18),
    (10, 22),
    (11, 11),
    (12, 7),
    (13, 14),
    (14, 28),
    (15, 19),
    (16, 2),
    (17, 32),
    (18, 26),
    (19, 13),
    (20, 33),
    (21, 3),
    (22, 21),
    (23, 16),
    (24, 38),
    (25, 4),
    (6, 27),
    (9, 9),
    (12, 37);

INSERT INTO branch (branch_name, branch_addr1, branch_addr2, branch_city, branch_postcode, branch_country_code, branch_email, branch_phone_country_code, branch_phone_number)
VALUES
    ('Central London', '123 Main St', 'Suite 1', 'London', 'SW1A 1AA', 'GB', 'london@ses.edu', '+44', '1234567890'),
    ('Manchester Hub', '45 Oxford Road', NULL, 'Manchester', 'M1 7ED', 'GB', 'manchester@ses.edu', '+44', '9876543210'),
    ('Edinburgh Campus', '789 Royal Mile', NULL, 'Edinburgh', 'EH1 1YZ', 'GB', 'edinburgh@ses.edu', '+44', '1122334455'),
    ('Bristol Centre', '67 College Green', NULL, 'Bristol', 'BS1 5TA', 'GB', 'bristol@ses.edu', '+44', '5566778899'),
    ('Birmingham South', '34 High St', NULL, 'Birmingham', 'B4 7XX', 'GB', 'birmingham@ses.edu', '+44', '9988776655'),
    ('Cardiff Academy', '12 Queen St', NULL, 'Cardiff', 'CF10 2FW', 'GB', 'cardiff@ses.edu', '+44', '3344556677'),
    ('Oxford Branch', '23 Scholars Lane', NULL, 'Oxford', 'OX1 2JD', 'GB', 'oxford@ses.edu', '+44', '6677889900'),
    ('Leeds Office', '89 University Way', NULL, 'Leeds', 'LS2 3AY', 'GB', 'leeds@ses.edu', '+44', '4455667788'),
    ('Glasgow Learning', '56 Buchanan St', NULL, 'Glasgow', 'G1 3HL', 'GB', 'glasgow@ses.edu', '+44', '2233445566'),
    ('Liverpool Institute', '90 Lime St', NULL, 'Liverpool', 'L1 1NN', 'GB', 'liverpool@ses.edu', '+44', '7788990011');

INSERT INTO staff (dept_id, branch_id, is_branch_manager, staff_email, staff_mobile_code, staff_mobile_number, staff_first_name, staff_middle_name, staff_last_name, staff_title, staff_addr1, staff_addr2, staff_city, staff_postcode, staff_country_code)
VALUES 
    (9, 2, false, 'sivermee0@ses.edu', '+591', '17240415489', 'Antonius', null, 'Ivermee', 'Mrs', '8 Stuart Avenue', null, 'Qobu', null, 'AZ'),
    (13, 3, true, 'ndurant1@ses.edu', '+586', '62406496215', 'Dollie', null, 'Durant', 'Mrs', '8 Veith Street', null, 'Jabungsisir', null, 'ID'),
    (7, 10, false, 'wmorfey2@ses.edu', '+943', '55195984704', 'Clarissa', null, 'Morfey', 'Mr', '9 Manufacturers Street', null, 'Villanova', '29010', 'IT'),
    (1, 7, false, 'cfriberg3@ses.edu', '+1', '15829069274', 'Nigel', null, 'Friberg', 'Mr', '71 Russell Parkway', null, 'Grybów', '33-330', 'PL'),
    (17, 6, false, 'mbennedsen4@ses.edu', '+106', '70117481244', 'Camel', null, 'Bennedsen', 'Ms', '6 Rutledge Park', null, 'Qiaozi', null, 'CN'),
    (4, 2, false, 'bamberson5@ses.edu', '+561', '34527050398', 'Bryce', null, 'Amberson', 'Dr', '96124 Mccormick Hill', null, 'São Roque', '9500-701', 'PT'),
    (6, 2, false, 'mmoxsom6@ses.edu', '+422', '81298751964', 'Devinne', null, 'Moxsom', 'Mr', '4294 Prentice Junction', null, 'Zhukovskiy', '142143', 'RU'),
    (8, 4, true, 'kconnah7@ses.edu', '+259', '30037801243', 'Chelsie', null, 'Connah', 'Mr', '223 1st Trail', 'PO Box 71912', 'Jianfeng', null, 'CN'),
    (12, 7, false, 'sockwell8@ses.edu', '+941', '64511858778', 'Tommi', null, 'Ockwell', 'Dr', '0 Donald Terrace', null, 'Feicheng', null, 'CN'),
    (8, 5, false, 'ccess9@ses.edu', '+695', '54988562478', 'Penni', null, 'Cess', 'Mr', '481 Little Fleur Street', null, 'Leeuwarden', '8934', 'NL'),
    (15, 7, false, 'bkilroya@ses.edu', '+830', '11303924694', 'Moyra', null, 'Kilroy', 'Ms', '527 Debs Plaza', null, 'Mir', null, 'BY'),
    (17, 8, false, 'tgrizardb@ses.edu', '+248', '33204852108', 'Fairlie', null, 'Grizard', 'Mr', '267 Mccormick Hill', null, 'Santiago del Estero', '4200', 'AR'),
    (6, 9, false, 'sbenzc@ses.edu', '+317', '52148502637', 'Justinn', null, 'Benz', 'Mrs', '219 4th Road', null, 'Stryszawa', '34-205', 'PL'),
    (16, 7, false, 'gcallerd@ses.edu', '+695', '85304813459', 'Nell', null, 'Caller', 'Mr', '3 Warrior Junction', 'Room 1816', 'Saky', null, 'UA'),
    (7, 10, true, 'jstanistretee@ses.edu', '+598', '32130985936', 'Genevra', null, 'Stanistrete', 'Ms', '06 Mandrake Circle', null, 'Corani', null, 'PE'),
    (4, 6, false, 'swallengerf@ses.edu', '+365', '54931967143', 'Verna', 'Silvano', 'Wallenger', 'Mr', '01277 Nelson Street', null, 'Złotów', '77-400', 'PL'),
    (1, 6, false, 'cruttg@ses.edu', '+756', '73811050894', 'Wye', null, 'Rutt', 'Mr', '7458 Forest Court', null, 'Huayuan', null, 'CN'),
    (14, 2, false, 'yfoxhallh@ses.edu', '+928', '47056543996', 'Cherin', null, 'Foxhall', 'Dr', '16972 4th Pass', null, 'Sionogan', '1104', 'PH'),
    (17, 9, false, 'cchritchleyi@ses.edu', '+323', '21520481772', 'Sela', null, 'Chritchley', 'Ms', '4197 Waubesa Plaza', null, 'Gulonggang', null, 'CN'),
    (15, 7, false, 'mabbottj@ses.edu', '+355', '94394085034', 'Tina', null, 'Abbott', 'Mr', '82229 Miller Trail', null, 'Awilega', null, 'ID'),
    (12, 9, false, 'ffernezk@ses.edu', '+619', '24520949174', 'Jim', null, 'Fernez', 'Mrs', '867 Lighthouse Bay Trail', null, 'Imsil', null, 'KR'),
    (6, 1, false, 'smcbrydel@ses.edu', '+201', '76417514116', 'Zaneta', null, 'McBryde', 'Mr', '460 Surrey Point', null, 'Obo', null, 'CN'),
    (6, 9, true, 'jpenhearowm@ses.edu', '+832', '80673895713', 'Mendel', null, 'Penhearow', 'Ms', '2 Rigney Court', null, 'Oslo', '1257', 'NO'),
    (14, 10, false, 'schretienn@ses.edu', '+854', '83938438616', 'Shermy', null, 'Chretien', 'Dr', '5892 Stuart Terrace', 'Apt 646', 'Xujiaqiao', null, 'CN'),
    (3, 1, true, 'jlambdino@ses.edu', '+455', '38596334261', 'Dara', null, 'Lambdin', 'Dr', '88192 Redwing Terrace', null, 'Paris 19', '75949 CEDEX 19', 'FR'),
    (1, 10, false, 'agiovannazzip@ses.edu', '+644', '64727807873', 'Adelheid', null, 'Giovannazzi', 'Dr', '557 Rigney Avenue', null, 'Richmond', '23237', 'US'),
    (2, 5, false, 'vrickasseq@ses.edu', '+219', '41819672424', 'Kellsie', null, 'Rickasse', 'Ms', '78 North Terrace', null, 'Cataguases', '36770-000', 'BR'),
    (7, 4, false, 'tstruter@ses.edu', '+905', '91932667111', 'Hal', null, 'Strute', 'Mrs', '79 Fordem Lane', null, 'Mberubu', null, 'NG'),
    (5, 6, false, 'amacranalds@ses.edu', '+806', '67703106218', 'Irena', null, 'MacRanald', 'Dr', '5 Pankratz Parkway', null, 'Pontevedra', '36164', 'ES'),
    (4, 5, false, 'ggaenort@ses.edu', '+290', '83277026695', 'Jasmina', 'Garwood', 'Gaenor', 'Ms', '692 Sugar Alley', null, 'Dicamay', '6011', 'PH'),
    (18, 5, false, 'cnanuccioiu@ses.edu', '+46', '72282329032', 'Sunny', 'Calida', 'Nanuccioi', 'Ms', '88 Rutledge Hill', null, 'Górzno', '87-320', 'PL'),
    (3, 7, false, 'dwillshirev@ses.edu', '+573', '70823332073', 'Kalie', null, 'Willshire', 'Dr', '5 Spaight Parkway', null, 'Concepcion', '7213', 'PH'),
    (6, 3, false, 'kbamblettw@ses.edu', '+32', '70751337853', 'Hi', null, 'Bamblett', 'Mrs', '2254 Mitchell Junction', null, 'Cepões', '3505-157', 'PT'),
    (2, 8, false, 'tnevisonx@ses.edu', '+448', '88532639034', 'Chester', null, 'Nevison', 'Mrs', '845 Arizona Park', null, 'Kavallári', null, 'GR'),
    (16, 10, false, 'dpawlingy@ses.edu', '+794', '62093471048', 'Rozanna', null, 'Pawling', 'Ms', '65256 Monica Junction', null, 'Gedian', null, 'CN'),
    (4, 7, true, 'achewterz@ses.edu', '+569', '93066170571', 'Bridgette', null, 'Chewter', 'Mr', '310 Forest Plaza', null, 'Namioka', '953-0062', 'JP'),
    (8, 9, false, 'mshervington10@ses.edu', '+36', '64300957002', 'Wallis', null, 'Shervington', 'Ms', '19219 Fordem Avenue', null, 'Astorga', '86730-000', 'BR'),
    (8, 2, false, 'shiscoe11@ses.edu', '+138', '29624404947', 'Sylas', 'Shelley', 'Hiscoe', 'Dr', '1 3rd Way', null, 'Żarów', '58-130', 'PL'),
    (10, 6, false, 'kletchmore12@ses.edu', '+277', '13645009866', 'Jessi', null, 'Letchmore', 'Ms', '57061 Eggendart Terrace', null, 'San Miguelito', null, 'PA'),
    (5, 8, true, 'cstubley13@ses.edu', '+563', '31594567455', 'Sylvia', null, 'Stubley', 'Mr', '998 Melrose Court', null, 'Ozerne', null, 'UA'),
    (11, 5, false, 'dcarlozzi14@ses.edu', '+11', '84289929252', 'Damita', null, 'Carlozzi', 'Mr', '4 Forest Parkway', null, 'Hamamatsu', '435-0055', 'JP'),
    (1, 6, false, 'iskamal15@ses.edu', '+869', '76618029899', 'Marj', null, 'Skamal', 'Dr', '346 Dapin Trail', null, 'Riangderi', null, 'ID'),
    (1, 5, false, 'vgethouse16@ses.edu', '+942', '38442686983', 'Carr', null, 'Gethouse', 'Mr', '97201 Jenifer Avenue', null, 'Zhushan', null, 'CN'),
    (13, 6, true, 'ltoolan17@ses.edu', '+219', '34268105898', 'Farra', null, 'Toolan', 'Ms', '592 Goodland Junction', null, 'Antrukan', null, 'ID'),
    (4, 5, true, 'ckeough18@ses.edu', '+289', '27009100874', 'Julianna', null, 'Keough', 'Ms', '2221 Sullivan Place', null, 'Catarina', null, 'NI'),
    (10, 10, false, 'dgarrett19@ses.edu', '+976', '40115405813', 'Clemmy', null, 'Garrett', 'Mrs', '27370 John Wall Drive', 'Apt 50', 'Ozalj', '47280', 'HR'),
    (18, 6, false, 'ggillise1a@ses.edu', '+332', '42709143035', 'Roscoe', 'Griff', 'Gillise', 'Dr', '9635 Morning Crossing', null, 'Szydłowo', '64-930', 'PL'),
    (7, 2, true, 'jbento1b@ses.edu', '+250', '74037910933', 'Wilt', null, 'Bento', 'Ms', '8120 Shasta Street', null, 'Tsurusaki', '870-0106', 'JP'),
    (4, 9, false, 'jcharnley1c@ses.edu', '+760', '44161270809', 'Chadd', null, 'Charnley', 'Mr', '1 Londonderry Pass', null, '‘Awartā', null, 'PS'),
    (6, 9, false, 'cgittus1d@ses.edu', '+694', '17859014286', 'Fenelia', null, 'Gittus', 'Dr', '3 Clarendon Junction', null, 'Gangnan', null, 'CN');

INSERT INTO staff_assignment (branch_manager_id,staff_id,assignment_title,assignment_description,assignment_deadline,assignment_complete,is_urgent)
VALUES
    (48,17,'a, scelerisque sed, sapien. Nunc','facilisis eget, ipsum. Donec sollicitudin adipiscing ligula. Aenean gravida nunc sed pede. Cum sociis natoque penatibus et magnis dis parturient montes, nascetur ridiculus mus. Proin vel arcu eu odio tristique pharetra. Quisque ac libero nec ligula consectetuer rhoncus.','2022/01/30',true,true),
    (48,38,'condimentum. Donec at arcu. Vestibulum ante ipsum primis in faucibus','eu, eleifend nec, malesuada ut, sem. Nulla interdum. Curabitur dictum. Phasellus in felis. Nulla tempor augue ac ipsum. Phasellus vitae mauris sit amet lorem semper auctor. Mauris vel turpis. Aliquam adipiscing lobortis risus. In mi pede, nonummy','2025/07/12',true,false),
    (45,14,'vel, venenatis vel, faucibus','est, vitae sodales nisi magna sed dui. Fusce aliquam, enim nec tempus scelerisque, lorem ipsum sodales purus, in molestie tortor nibh sit amet orci. Ut','2023/09/26',true,true),
    (40,12,'quis urna. Nunc quis arcu','suscipit, est ac facilisis facilisis, magna tellus faucibus leo, in lobortis tellus justo sit amet nulla. Donec non justo. Proin non massa non ante bibendum ullamcorper. Duis cursus, diam at pretium aliquet, metus urna convallis','2022/08/28',true,false),
    (40,39,'consequat purus. Maecenas libero est, congue a, aliquet vel,','tellus. Aenean egestas hendrerit neque. In ornare sagittis felis. Donec tempor, est ac mattis semper, dui lectus rutrum urna, nec luctus felis purus ac tellus. Suspendisse sed dolor. Fusce mi','2020/10/20',true,true),
    (45,45,'faucibus lectus, a sollicitudin orci','luctus. Curabitur egestas nunc sed libero. Proin sed turpis nec mauris blandit mattis. Cras eget nisi dictum augue malesuada malesuada. Integer id magna et ipsum cursus vestibulum. Mauris magna. Duis dignissim tempor arcu. Vestibulum ut eros non enim commodo hendrerit.','2023/05/29',false,true),
    (2,31,'Donec nibh. Quisque nonummy','nec tempus scelerisque, lorem ipsum sodales purus, in molestie tortor nibh sit amet orci. Ut sagittis lobortis mauris. Suspendisse aliquet molestie tellus. Aenean egestas hendrerit neque. In ornare sagittis felis. Donec tempor, est','2023/07/28',false,false),
    (25,24,'leo. Morbi neque tellus, imperdiet non, vestibulum nec,','libero mauris, aliquam eu, accumsan sed, facilisis vitae, orci. Phasellus dapibus quam quis diam. Pellentesque habitant morbi tristique senectus et netus et malesuada fames ac turpis egestas. Fusce aliquet magna a neque. Nullam ut nisi a odio semper cursus.','2025/11/07',false,false),
    (8,33,'vulputate, posuere vulputate, lacus. Cras interdum. Nunc','vel, convallis in, cursus et, eros. Proin ultrices. Duis volutpat nunc sit amet metus. Aliquam erat volutpat. Nulla facilisis. Suspendisse commodo tincidunt nibh. Phasellus nulla. Integer vulputate, risus a ultricies adipiscing, enim','2022/01/08',false,false),
    (2,34,'Aenean euismod mauris eu elit. Nulla','tortor at risus. Nunc ac sem ut dolor dapibus gravida. Aliquam tincidunt, nunc ac mattis ornare, lectus ante dictum mi, ac mattis velit justo nec ante. Maecenas mi felis, adipiscing fringilla, porttitor vulputate, posuere vulputate, lacus. Cras interdum. Nunc sollicitudin','2021/01/24',true,true),
    (45,23,'montes, nascetur ridiculus mus.','purus ac tellus. Suspendisse sed dolor. Fusce mi lorem, vehicula et, rutrum eu, ultrices sit amet, risus. Donec nibh enim, gravida','2024/12/26',true,false),
    (45,34,'Sed eget lacus. Mauris non dui nec urna','Nunc commodo auctor velit. Aliquam nisl. Nulla eu neque pellentesque massa lobortis ultrices. Vivamus rhoncus. Donec est. Nunc ullamcorper, velit in aliquet lobortis, nisi nibh lacinia orci, consectetuer euismod est arcu ac orci. Ut semper pretium neque. Morbi','2022/02/08',false,false),
    (25,36,'sem magna nec quam. Curabitur vel lectus.','nostra, per inceptos hymenaeos. Mauris ut quam vel sapien imperdiet ornare. In faucibus. Morbi vehicula. Pellentesque tincidunt tempus risus. Donec','2021/05/04',true,false),
    (45,21,'pede sagittis augue, eu tempor erat','Morbi accumsan laoreet ipsum. Curabitur consequat, lectus sit amet luctus vulputate, nisi sem semper erat, in consectetuer ipsum nunc id enim. Curabitur massa.','2024/03/13',false,true),
    (40,34,'elit erat vitae risus. Duis a mi fringilla','arcu. Vivamus sit amet risus. Donec egestas. Aliquam nec enim. Nunc ut erat. Sed nunc est, mollis non, cursus non, egestas a, dui. Cras pellentesque. Sed dictum. Proin eget odio. Aliquam vulputate ullamcorper magna. Sed','2021/11/17',false,true),
    (23,2,'imperdiet ullamcorper. Duis at','convallis ligula. Donec luctus aliquet odio. Etiam ligula tortor, dictum eu, placerat eget, venenatis a, magna. Lorem ipsum dolor sit','2020/10/15',true,true),
    (15,31,'sem ut cursus luctus, ipsum leo','in magna. Phasellus dolor elit, pellentesque a, facilisis non, bibendum sed, est. Nunc laoreet lectus quis massa. Mauris vestibulum, neque sed dictum eleifend,','2020/12/28',true,true),
    (48,24,'odio. Nam interdum enim','id nunc interdum feugiat. Sed nec metus facilisis lorem tristique aliquet. Phasellus fermentum convallis ligula. Donec luctus aliquet odio. Etiam ligula tortor, dictum eu, placerat eget,','2020/02/01',false,false),
    (48,8,'est. Mauris eu turpis. Nulla','malesuada. Integer id magna et ipsum cursus vestibulum. Mauris magna. Duis dignissim tempor arcu. Vestibulum ut eros non enim commodo hendrerit. Donec porttitor tellus non magna. Nam ligula elit,','2020/02/26',false,false),
    (15,19,'vel arcu. Curabitur ut odio vel est tempor bibendum.','lectus pede et risus. Quisque libero lacus, varius et, euismod et, commodo at, libero. Morbi accumsan laoreet ipsum. Curabitur consequat, lectus sit amet luctus vulputate, nisi sem semper erat, in consectetuer','2020/10/13',true,false),
    (40,27,'dui nec urna suscipit nonummy. Fusce fermentum fermentum arcu. Vestibulum','nonummy ut, molestie in, tempus eu, ligula. Aenean euismod mauris eu elit. Nulla facilisi. Sed neque. Sed eget lacus. Mauris non dui nec urna','2023/01/25',false,false),
    (45,20,'Aenean egestas hendrerit neque. In ornare sagittis felis. Donec','urna. Ut tincidunt vehicula risus. Nulla eget metus eu erat semper rutrum. Fusce dolor quam, elementum at, egestas a, scelerisque sed, sapien. Nunc pulvinar arcu et pede. Nunc sed orci lobortis augue scelerisque mollis. Phasellus libero mauris, aliquam eu,','2022/09/17',false,true),
    (8,42,'Curabitur vel lectus. Cum sociis natoque penatibus et','Cras convallis convallis dolor. Quisque tincidunt pede ac urna. Ut tincidunt vehicula risus. Nulla eget metus eu erat semper rutrum. Fusce dolor quam, elementum at, egestas a, scelerisque sed, sapien. Nunc pulvinar arcu','2021/01/28',true,false),
    (36,20,'arcu imperdiet ullamcorper. Duis at lacus. Quisque purus','adipiscing ligula. Aenean gravida nunc sed pede. Cum sociis natoque penatibus et magnis dis parturient montes, nascetur ridiculus mus. Proin vel arcu eu odio tristique pharetra. Quisque ac libero nec ligula','2020/10/28',true,false),
    (45,9,'tellus sem mollis dui, in sodales','non nisi. Aenean eget metus. In nec orci. Donec nibh. Quisque nonummy ipsum non arcu. Vivamus sit amet risus. Donec egestas. Aliquam nec','2025/10/07',false,false),
    (44,36,'ac turpis egestas. Fusce aliquet','metus urna convallis erat, eget tincidunt dui augue eu tellus. Phasellus elit pede, malesuada vel, venenatis vel, faucibus id, libero. Donec consectetuer mauris id sapien. Cras dolor','2022/07/04',false,false),
    (36,3,'cursus, diam at pretium aliquet, metus urna','sem ut dolor dapibus gravida. Aliquam tincidunt, nunc ac mattis ornare, lectus ante dictum mi, ac mattis velit justo nec ante.','2020/08/07',true,false),
    (45,21,'tempus mauris erat eget ipsum. Suspendisse sagittis. Nullam vitae','fermentum arcu. Vestibulum ante ipsum primis in faucibus orci luctus et ultrices posuere cubilia Curae Phasellus ornare. Fusce mollis. Duis sit amet diam eu','2020/05/06',true,false),
    (8,24,'amet orci. Ut sagittis','ut, sem. Nulla interdum. Curabitur dictum. Phasellus in felis. Nulla tempor augue ac ipsum. Phasellus vitae mauris sit amet lorem semper auctor. Mauris vel turpis. Aliquam adipiscing lobortis risus. In mi pede, nonummy','2022/08/28',true,false),
    (23,10,'eu tellus. Phasellus elit pede, malesuada','vitae purus gravida sagittis. Duis gravida. Praesent eu nulla at sem molestie sodales. Mauris blandit enim consequat purus. Maecenas libero est, congue a, aliquet vel, vulputate eu, odio.','2022/03/09',true,true),
    (15,20,'eu, odio. Phasellus at augue','orci luctus et ultrices posuere cubilia Curae Phasellus ornare. Fusce mollis. Duis sit amet diam eu dolor egestas rhoncus. Proin nisl sem, consequat nec, mollis vitae,','2020/04/02',false,true),
    (8,14,'Ut nec urna et arcu imperdiet ullamcorper. Duis at','viverra. Maecenas iaculis aliquet diam. Sed diam lorem, auctor quis, tristique ac, eleifend vitae, erat. Vivamus nisi. Mauris nulla. Integer urna. Vivamus molestie dapibus ligula. Aliquam erat volutpat. Nulla dignissim. Maecenas ornare egestas ligula. Nullam','2024/03/18',true,false),
    (48,2,'pede blandit congue. In scelerisque scelerisque dui. Suspendisse ac metus','Nullam feugiat placerat velit. Quisque varius. Nam porttitor scelerisque neque. Nullam nisl. Maecenas malesuada fringilla est. Mauris eu turpis. Nulla aliquet. Proin velit. Sed malesuada augue ut lacus. Nulla tincidunt, neque vitae semper egestas, urna justo faucibus','2021/06/02',true,true),
    (44,29,'mi enim, condimentum eget, volutpat ornare, facilisis eget,','cubilia Curae Phasellus ornare. Fusce mollis. Duis sit amet diam eu dolor egestas rhoncus. Proin nisl sem, consequat nec, mollis vitae, posuere at, velit. Cras','2023/09/14',true,false),
    (40,16,'nisi nibh lacinia orci, consectetuer euismod est','Vivamus nisi. Mauris nulla. Integer urna. Vivamus molestie dapibus ligula. Aliquam erat volutpat. Nulla dignissim. Maecenas ornare egestas ligula. Nullam feugiat placerat velit. Quisque varius. Nam porttitor scelerisque neque. Nullam nisl. Maecenas malesuada fringilla est. Mauris eu','2020/09/23',false,false),
    (15,40,'Aliquam gravida mauris ut mi. Duis risus odio,','sit amet risus. Donec egestas. Aliquam nec enim. Nunc ut erat. Sed nunc est, mollis non, cursus non, egestas a, dui. Cras pellentesque. Sed dictum. Proin eget odio. Aliquam vulputate ullamcorper magna. Sed eu eros. Nam consequat','2024/09/19',false,true),
    (8,21,'Ut sagittis lobortis mauris. Suspendisse aliquet molestie','mauris erat eget ipsum. Suspendisse sagittis. Nullam vitae diam. Proin dolor. Nulla semper tellus id nunc interdum feugiat. Sed nec metus facilisis lorem tristique aliquet. Phasellus fermentum convallis ligula. Donec luctus aliquet odio. Etiam ligula tortor,','2021/03/06',false,true),
    (45,17,'lacinia. Sed congue, elit','ante bibendum ullamcorper. Duis cursus, diam at pretium aliquet, metus urna convallis erat, eget tincidunt dui augue eu tellus. Phasellus elit pede, malesuada vel,','2025/10/05',false,true),
    (25,33,'dignissim tempor arcu. Vestibulum','facilisis vitae, orci. Phasellus dapibus quam quis diam. Pellentesque habitant morbi tristique senectus et netus et malesuada fames ac turpis egestas. Fusce aliquet magna a neque. Nullam ut nisi a','2021/06/24',false,false),
    (44,34,'est, congue a, aliquet vel, vulputate eu, odio.','Cras dolor dolor, tempus non, lacinia at, iaculis quis, pede. Praesent eu dui. Cum sociis natoque penatibus et magnis dis parturient montes, nascetur ridiculus mus. Aenean eget','2022/02/17',false,false),
    (36,47,'Phasellus fermentum convallis ligula. Donec luctus aliquet odio. Etiam','interdum feugiat. Sed nec metus facilisis lorem tristique aliquet. Phasellus fermentum convallis ligula. Donec luctus aliquet odio. Etiam ligula tortor, dictum eu, placerat eget, venenatis a, magna. Lorem ipsum dolor sit amet, consectetuer adipiscing elit. Etiam laoreet, libero et tristique','2021/11/12',false,true),
    (25,46,'lorem, auctor quis, tristique ac, eleifend vitae, erat.','ultrices, mauris ipsum porta elit, a feugiat tellus lorem eu metus. In lorem. Donec elementum, lorem ut aliquam iaculis, lacus pede sagittis augue, eu tempor erat neque non quam. Pellentesque habitant morbi','2021/12/22',true,true),
    (25,9,'gravida. Praesent eu nulla at sem molestie sodales.','Nunc laoreet lectus quis massa. Mauris vestibulum, neque sed dictum eleifend, nunc risus varius orci, in consequat enim diam vel arcu. Curabitur ut odio vel est','2022/04/22',false,true),
    (8,27,'Proin eget odio. Aliquam vulputate ullamcorper magna.','Etiam bibendum fermentum metus. Aenean sed pede nec ante blandit viverra. Donec tempus, lorem fringilla ornare placerat, orci lacus vestibulum lorem, sit amet ultricies sem magna nec quam. Curabitur vel lectus. Cum sociis natoque penatibus et','2022/01/09',false,true),
    (48,16,'ac mattis ornare, lectus ante dictum mi,','in consectetuer ipsum nunc id enim. Curabitur massa. Vestibulum accumsan neque et nunc. Quisque ornare tortor at risus. Nunc ac sem ut dolor dapibus gravida. Aliquam tincidunt, nunc ac mattis ornare, lectus ante dictum mi,','2024/09/27',true,true),
    (45,27,'quis, pede. Suspendisse dui. Fusce','Suspendisse aliquet, sem ut cursus luctus, ipsum leo elementum sem, vitae aliquam eros turpis non enim. Mauris quis turpis vitae purus gravida sagittis. Duis','2023/05/15',true,true),
    (23,8,'velit in aliquet lobortis, nisi nibh lacinia orci, consectetuer','risus. Morbi metus. Vivamus euismod urna. Nullam lobortis quam a felis ullamcorper viverra. Maecenas iaculis aliquet diam. Sed diam lorem, auctor quis, tristique ac, eleifend vitae, erat. Vivamus nisi. Mauris nulla.','2021/12/24',true,true),
    (40,31,'nulla. In tincidunt congue turpis. In condimentum.','et risus. Quisque libero lacus, varius et, euismod et, commodo at, libero. Morbi accumsan laoreet ipsum. Curabitur consequat, lectus sit amet luctus vulputate, nisi sem semper erat,','2025/01/19',true,true),
    (40,14,'volutpat nunc sit amet metus. Aliquam erat volutpat. Nulla','sapien. Aenean massa. Integer vitae nibh. Donec est mauris, rhoncus id, mollis nec, cursus a, enim. Suspendisse aliquet, sem ut cursus luctus, ipsum leo elementum sem, vitae aliquam eros turpis non','2023/02/18',true,true),
    (23,11,'ligula. Nullam enim. Sed nulla ante, iaculis nec, eleifend','sed pede. Cum sociis natoque penatibus et magnis dis parturient montes, nascetur ridiculus mus. Proin vel arcu eu odio tristique pharetra. Quisque ac libero nec ligula consectetuer rhoncus. Nullam velit dui, semper et, lacinia vitae, sodales at,','2021/05/04',false,true),
    (40,48,'orci lobortis augue scelerisque mollis. Phasellus libero','in, cursus et, eros. Proin ultrices. Duis volutpat nunc sit amet metus. Aliquam erat volutpat. Nulla facilisis. Suspendisse commodo tincidunt nibh. Phasellus nulla. Integer vulputate, risus a ultricies adipiscing, enim mi tempor lorem,','2021/05/21',false,true),
    (48,46,'pede et risus. Quisque libero','tempor, est ac mattis semper, dui lectus rutrum urna, nec luctus felis purus ac tellus. Suspendisse sed dolor. Fusce mi lorem,','2024/03/09',true,true),
    (36,49,'Sed malesuada augue ut lacus. Nulla','Fusce aliquam, enim nec tempus scelerisque, lorem ipsum sodales purus, in molestie tortor nibh sit amet orci. Ut sagittis lobortis mauris. Suspendisse aliquet','2024/10/18',false,true),
    (40,3,'sem molestie sodales. Mauris blandit enim consequat purus. Maecenas','eget metus eu erat semper rutrum. Fusce dolor quam, elementum at, egestas a, scelerisque sed, sapien. Nunc pulvinar arcu et pede. Nunc sed orci lobortis augue scelerisque mollis. Phasellus libero mauris, aliquam eu, accumsan sed, facilisis vitae,','2020/12/26',false,false),
    (8,47,'gravida sit amet, dapibus id, blandit at, nisi. Cum sociis','rutrum urna, nec luctus felis purus ac tellus. Suspendisse sed dolor. Fusce mi lorem, vehicula et, rutrum eu, ultrices sit amet, risus. Donec nibh enim, gravida sit amet, dapibus id,','2022/08/20',false,true),
    (40,46,'est tempor bibendum. Donec felis orci,','Donec egestas. Duis ac arcu. Nunc mauris. Morbi non sapien molestie orci tincidunt adipiscing. Mauris molestie pharetra nibh. Aliquam ornare, libero at auctor ullamcorper, nisl arcu iaculis enim, sit amet ornare lectus justo eu arcu. Morbi sit amet massa.','2020/02/08',false,true),
    (23,44,'mauris. Integer sem elit, pharetra ut, pharetra sed, hendrerit a,','Aliquam rutrum lorem ac risus. Morbi metus. Vivamus euismod urna. Nullam lobortis quam a felis ullamcorper viverra. Maecenas iaculis aliquet diam. Sed diam lorem, auctor quis, tristique ac, eleifend','2025/02/18',true,false),
    (2,44,'nibh. Quisque nonummy ipsum non arcu.','aliquet molestie tellus. Aenean egestas hendrerit neque. In ornare sagittis felis. Donec tempor, est ac mattis semper, dui lectus rutrum urna, nec luctus felis purus ac tellus. Suspendisse sed dolor. Fusce mi lorem,','2021/09/30',false,true),
    (15,17,'quam dignissim pharetra. Nam ac','ultrices. Duis volutpat nunc sit amet metus. Aliquam erat volutpat. Nulla facilisis. Suspendisse commodo tincidunt nibh. Phasellus nulla. Integer vulputate, risus a ultricies adipiscing, enim','2025/01/14',true,false),
    (2,37,'per inceptos hymenaeos. Mauris ut quam vel sapien imperdiet ornare.','Aenean euismod mauris eu elit. Nulla facilisi. Sed neque. Sed eget lacus. Mauris non dui nec urna suscipit nonummy. Fusce fermentum fermentum arcu. Vestibulum ante ipsum primis in faucibus','2024/12/14',true,false),
    (15,31,'elementum at, egestas a, scelerisque sed, sapien.','Curae Donec tincidunt. Donec vitae erat vel pede blandit congue. In scelerisque scelerisque dui. Suspendisse ac metus vitae velit egestas lacinia. Sed congue, elit sed consequat auctor, nunc','2022/03/21',true,true),
    (36,2,'ridiculus mus. Donec dignissim magna a tortor. Nunc commodo auctor','Maecenas ornare egestas ligula. Nullam feugiat placerat velit. Quisque varius. Nam porttitor scelerisque neque. Nullam nisl. Maecenas malesuada fringilla est. Mauris eu turpis. Nulla aliquet. Proin velit. Sed malesuada augue ut lacus. Nulla','2021/09/30',true,true),
    (15,12,'Sed dictum. Proin eget odio. Aliquam','Quisque varius. Nam porttitor scelerisque neque. Nullam nisl. Maecenas malesuada fringilla est. Mauris eu turpis. Nulla aliquet. Proin velit. Sed malesuada augue ut lacus. Nulla tincidunt, neque vitae semper egestas, urna justo','2021/07/31',false,true),
    (44,33,'sodales. Mauris blandit enim consequat purus.','amet nulla. Donec non justo. Proin non massa non ante bibendum ullamcorper. Duis cursus, diam at pretium aliquet, metus urna convallis erat, eget tincidunt dui augue eu tellus. Phasellus elit pede, malesuada vel, venenatis vel, faucibus id, libero. Donec consectetuer','2025/06/18',false,false),
    (8,41,'Donec luctus aliquet odio. Etiam ligula tortor, dictum eu,','nec tellus. Nunc lectus pede, ultrices a, auctor non, feugiat nec, diam. Duis mi enim, condimentum eget, volutpat ornare, facilisis eget, ipsum. Donec sollicitudin adipiscing ligula. Aenean gravida nunc sed pede. Cum sociis natoque','2021/02/17',false,true),
    (40,30,'scelerisque, lorem ipsum sodales purus, in','tempor lorem, eget mollis lectus pede et risus. Quisque libero lacus, varius et, euismod et, commodo at, libero. Morbi accumsan laoreet ipsum. Curabitur','2021/10/16',true,false),
    (48,5,'rutrum eu, ultrices sit amet, risus. Donec','malesuada fames ac turpis egestas. Fusce aliquet magna a neque. Nullam ut nisi a odio semper cursus. Integer mollis. Integer tincidunt aliquam arcu. Aliquam ultrices iaculis','2025/04/10',false,true),
    (44,29,'Pellentesque habitant morbi tristique senectus et','dui. Fusce diam nunc, ullamcorper eu, euismod ac, fermentum vel, mauris. Integer sem elit, pharetra ut, pharetra sed, hendrerit a, arcu. Sed et libero. Proin mi. Aliquam gravida mauris ut mi. Duis risus','2021/11/10',false,true),
    (25,13,'purus mauris a nunc. In at pede.','vitae nibh. Donec est mauris, rhoncus id, mollis nec, cursus a, enim. Suspendisse aliquet, sem ut cursus luctus, ipsum leo elementum sem, vitae aliquam','2023/07/14',false,false),
    (44,45,'dictum eu, placerat eget, venenatis a,','sem semper erat, in consectetuer ipsum nunc id enim. Curabitur massa. Vestibulum accumsan neque et nunc. Quisque ornare tortor at risus. Nunc ac sem','2024/12/08',true,true),
    (36,10,'tincidunt adipiscing. Mauris molestie pharetra nibh. Aliquam ornare, libero','at fringilla purus mauris a nunc. In at pede. Cras vulputate velit eu sem. Pellentesque ut ipsum ac mi eleifend egestas. Sed pharetra, felis','2025/08/24',false,true),
    (15,49,'et, rutrum non, hendrerit id, ante. Nunc mauris sapien,','diam. Sed diam lorem, auctor quis, tristique ac, eleifend vitae, erat. Vivamus nisi. Mauris nulla. Integer urna. Vivamus molestie dapibus ligula. Aliquam erat volutpat. Nulla dignissim. Maecenas ornare','2024/07/10',true,false),
    (8,43,'semper egestas, urna justo faucibus lectus, a sollicitudin orci','gravida sagittis. Duis gravida. Praesent eu nulla at sem molestie sodales. Mauris blandit enim consequat purus. Maecenas libero est, congue a, aliquet vel, vulputate','2020/02/04',false,true),
    (15,35,'neque tellus, imperdiet non,','Pellentesque ultricies dignissim lacus. Aliquam rutrum lorem ac risus. Morbi metus. Vivamus euismod urna. Nullam lobortis quam a felis ullamcorper viverra. Maecenas iaculis aliquet diam. Sed diam lorem, auctor','2021/10/23',false,false),
    (44,49,'lorem lorem, luctus ut, pellentesque','dui lectus rutrum urna, nec luctus felis purus ac tellus. Suspendisse sed dolor. Fusce mi lorem, vehicula et, rutrum eu, ultrices sit amet, risus. Donec','2024/08/13',false,false),
    (44,17,'non dui nec urna suscipit','conubia nostra, per inceptos hymenaeos. Mauris ut quam vel sapien imperdiet ornare. In faucibus. Morbi vehicula. Pellentesque tincidunt tempus risus. Donec egestas. Duis ac arcu. Nunc mauris. Morbi non sapien molestie','2022/04/02',false,true),
    (44,7,'lorem ut aliquam iaculis, lacus pede sagittis augue, eu tempor','lectus. Nullam suscipit, est ac facilisis facilisis, magna tellus faucibus leo, in lobortis tellus justo sit amet nulla. Donec non justo. Proin non massa non ante bibendum ullamcorper. Duis cursus,','2024/09/01',false,true),
    (45,7,'Nunc commodo auctor velit.','lectus convallis est, vitae sodales nisi magna sed dui. Fusce aliquam, enim nec tempus scelerisque, lorem ipsum sodales purus, in molestie tortor nibh sit amet orci. Ut sagittis lobortis mauris. Suspendisse aliquet','2023/05/26',true,false),
    (25,39,'sagittis semper. Nam tempor diam dictum sapien. Aenean massa.','posuere at, velit. Cras lorem lorem, luctus ut, pellentesque eget, dictum placerat, augue. Sed molestie. Sed id risus quis diam luctus lobortis. Class aptent taciti sociosqu ad litora torquent per conubia nostra, per inceptos hymenaeos. Mauris ut','2025/09/05',true,false),
    (45,31,'scelerisque mollis. Phasellus libero mauris, aliquam eu,','tempus non, lacinia at, iaculis quis, pede. Praesent eu dui. Cum sociis natoque penatibus et magnis dis parturient montes, nascetur ridiculus mus.','2025/12/06',true,true),
    (36,40,'iaculis aliquet diam. Sed diam lorem, auctor','erat vitae risus. Duis a mi fringilla mi lacinia mattis. Integer eu lacus. Quisque imperdiet, erat nonummy ultricies ornare, elit','2021/10/03',true,true),
    (40,43,'Suspendisse tristique neque venenatis lacus.','Sed neque. Sed eget lacus. Mauris non dui nec urna suscipit nonummy. Fusce fermentum fermentum arcu. Vestibulum ante ipsum primis in faucibus orci luctus et ultrices posuere cubilia Curae Phasellus ornare. Fusce mollis. Duis sit amet diam eu','2021/03/16',true,true),
    (44,39,'arcu eu odio tristique pharetra. Quisque ac','risus. In mi pede, nonummy ut, molestie in, tempus eu, ligula. Aenean euismod mauris eu elit. Nulla facilisi. Sed neque. Sed eget lacus. Mauris non dui nec','2023/06/12',true,false),
    (8,8,'turpis egestas. Fusce aliquet magna a neque. Nullam ut nisi','Integer urna. Vivamus molestie dapibus ligula. Aliquam erat volutpat. Nulla dignissim. Maecenas ornare egestas ligula. Nullam feugiat placerat velit. Quisque varius. Nam porttitor scelerisque neque. Nullam nisl. Maecenas malesuada fringilla est. Mauris eu turpis. Nulla aliquet. Proin','2025/05/23',true,true),
    (2,14,'ipsum sodales purus, in molestie tortor nibh sit amet','eleifend egestas. Sed pharetra, felis eget varius ultrices, mauris ipsum porta elit, a feugiat tellus lorem eu metus. In lorem. Donec elementum, lorem ut aliquam iaculis, lacus pede sagittis augue, eu tempor erat neque non','2020/12/06',false,false),
    (36,11,'auctor, nunc nulla vulputate dui, nec tempus mauris erat eget','quis turpis vitae purus gravida sagittis. Duis gravida. Praesent eu nulla at sem molestie sodales. Mauris blandit enim consequat purus. Maecenas libero est, congue a, aliquet vel, vulputate','2022/08/20',false,false),
    (45,19,'eget mollis lectus pede et risus. Quisque libero lacus, varius','leo elementum sem, vitae aliquam eros turpis non enim. Mauris quis turpis vitae purus gravida sagittis. Duis gravida. Praesent eu nulla at sem molestie sodales. Mauris blandit enim consequat purus. Maecenas libero est, congue a, aliquet vel, vulputate','2022/12/02',true,true),
    (23,34,'congue, elit sed consequat auctor, nunc','enim, sit amet ornare lectus justo eu arcu. Morbi sit amet massa. Quisque porttitor eros nec tellus. Nunc lectus pede, ultrices a, auctor non, feugiat nec, diam. Duis mi enim, condimentum eget, volutpat ornare,','2025/05/02',true,true),
    (25,18,'aliquam iaculis, lacus pede sagittis augue, eu','faucibus leo, in lobortis tellus justo sit amet nulla. Donec non justo. Proin non massa non ante bibendum ullamcorper. Duis cursus, diam at pretium aliquet, metus urna convallis','2025/08/06',true,true),
    (23,20,'vulputate dui, nec tempus mauris erat eget ipsum.','vitae semper egestas, urna justo faucibus lectus, a sollicitudin orci sem eget massa. Suspendisse eleifend. Cras sed leo. Cras vehicula aliquet libero.','2022/04/03',true,false),
    (36,22,'quis turpis vitae purus gravida sagittis. Duis gravida. Praesent','arcu iaculis enim, sit amet ornare lectus justo eu arcu. Morbi sit amet massa. Quisque porttitor eros nec tellus. Nunc lectus pede, ultrices a, auctor non, feugiat nec, diam. Duis mi enim, condimentum eget, volutpat ornare, facilisis eget,','2022/12/26',false,false),
    (45,11,'vestibulum massa rutrum magna. Cras convallis convallis dolor.','a nunc. In at pede. Cras vulputate velit eu sem. Pellentesque ut ipsum ac mi eleifend egestas. Sed pharetra, felis eget varius ultrices, mauris ipsum porta elit, a','2021/02/27',false,false),
    (40,12,'turpis vitae purus gravida sagittis.','Phasellus in felis. Nulla tempor augue ac ipsum. Phasellus vitae mauris sit amet lorem semper auctor. Mauris vel turpis. Aliquam adipiscing lobortis risus. In mi pede, nonummy ut, molestie in, tempus','2022/04/19',false,true),
    (45,27,'in aliquet lobortis, nisi nibh lacinia','mauris eu elit. Nulla facilisi. Sed neque. Sed eget lacus. Mauris non dui nec urna suscipit nonummy. Fusce fermentum fermentum arcu. Vestibulum ante ipsum primis in faucibus orci luctus et ultrices posuere cubilia Curae Phasellus ornare.','2025/01/18',false,true),
    (45,45,'sem egestas blandit. Nam nulla magna, malesuada vel,','Cras vulputate velit eu sem. Pellentesque ut ipsum ac mi eleifend egestas. Sed pharetra, felis eget varius ultrices, mauris ipsum porta elit, a','2022/10/09',false,false),
    (48,47,'et malesuada fames ac turpis egestas.','lacus vestibulum lorem, sit amet ultricies sem magna nec quam. Curabitur vel lectus. Cum sociis natoque penatibus et magnis dis parturient montes,','2022/08/24',true,true),
    (45,18,'sapien. Nunc pulvinar arcu et pede. Nunc','elementum, lorem ut aliquam iaculis, lacus pede sagittis augue, eu tempor erat neque non quam. Pellentesque habitant morbi tristique senectus et netus et malesuada fames ac turpis egestas. Aliquam','2020/05/09',true,false),
    (48,27,'tincidunt nibh. Phasellus nulla. Integer vulputate, risus a','Maecenas iaculis aliquet diam. Sed diam lorem, auctor quis, tristique ac, eleifend vitae, erat. Vivamus nisi. Mauris nulla. Integer urna. Vivamus molestie dapibus ligula. Aliquam erat volutpat. Nulla dignissim. Maecenas ornare egestas ligula. Nullam feugiat','2025/05/31',true,true),
    (40,21,'ligula elit, pretium et, rutrum non,','sem magna nec quam. Curabitur vel lectus. Cum sociis natoque penatibus et magnis dis parturient montes, nascetur ridiculus mus. Donec dignissim magna a tortor. Nunc','2023/06/16',false,true),
    (45,41,'interdum enim non nisi. Aenean eget metus. In','vestibulum. Mauris magna. Duis dignissim tempor arcu. Vestibulum ut eros non enim commodo hendrerit. Donec porttitor tellus non magna. Nam ligula elit, pretium et, rutrum non, hendrerit id, ante. Nunc mauris sapien, cursus in,','2024/05/09',false,false),
    (15,12,'lorem, auctor quis, tristique ac,','Aliquam tincidunt, nunc ac mattis ornare, lectus ante dictum mi, ac mattis velit justo nec ante. Maecenas mi felis, adipiscing fringilla, porttitor vulputate,','2021/01/04',false,false),
    (8,14,'erat nonummy ultricies ornare, elit elit fermentum risus, at fringilla','In faucibus. Morbi vehicula. Pellentesque tincidunt tempus risus. Donec egestas. Duis ac arcu. Nunc mauris. Morbi non sapien molestie orci tincidunt adipiscing. Mauris molestie pharetra','2025/12/06',true,true),
    (8,48,'elementum, lorem ut aliquam iaculis, lacus pede','magna et ipsum cursus vestibulum. Mauris magna. Duis dignissim tempor arcu. Vestibulum ut eros non enim commodo hendrerit. Donec porttitor tellus non','2021/11/23',false,false),
    (8,47,'In scelerisque scelerisque dui. Suspendisse','neque tellus, imperdiet non, vestibulum nec, euismod in, dolor. Fusce feugiat. Lorem ipsum dolor sit amet, consectetuer adipiscing elit. Aliquam auctor, velit eget laoreet posuere, enim nisl elementum','2023/11/07',true,true),
    (15,2,'tellus. Nunc lectus pede, ultrices a, auctor non, feugiat nec,','eu odio tristique pharetra. Quisque ac libero nec ligula consectetuer rhoncus. Nullam velit dui, semper et, lacinia vitae, sodales at, velit. Pellentesque ultricies dignissim lacus. Aliquam rutrum lorem ac risus.','2020/12/22',false,false),
    (44,31,'metus. In lorem. Donec elementum, lorem ut','urna suscipit nonummy. Fusce fermentum fermentum arcu. Vestibulum ante ipsum primis in faucibus orci luctus et ultrices posuere cubilia Curae Phasellus ornare. Fusce mollis. Duis sit amet diam eu dolor egestas rhoncus. Proin','2024/06/07',true,true),
    (23,48,'ante. Nunc mauris sapien, cursus','purus, in molestie tortor nibh sit amet orci. Ut sagittis lobortis mauris. Suspendisse aliquet molestie tellus. Aenean egestas hendrerit neque. In ornare sagittis felis. Donec tempor, est ac mattis semper, dui lectus rutrum urna, nec luctus felis purus','2020/07/19',true,false),
    (2,4,'egestas. Aliquam fringilla cursus purus. Nullam scelerisque neque sed','ac tellus. Suspendisse sed dolor. Fusce mi lorem, vehicula et, rutrum eu, ultrices sit amet, risus. Donec nibh enim, gravida sit amet, dapibus id, blandit at, nisi. Cum sociis natoque penatibus et magnis dis parturient montes,','2022/12/16',true,true),
    (45,39,'semper pretium neque. Morbi quis urna. Nunc','blandit congue. In scelerisque scelerisque dui. Suspendisse ac metus vitae velit egestas lacinia. Sed congue, elit sed consequat auctor, nunc nulla vulputate dui, nec tempus mauris erat eget ipsum. Suspendisse sagittis. Nullam vitae diam. Proin dolor. Nulla semper tellus','2023/10/11',true,true),
    (48,9,'scelerisque dui. Suspendisse ac metus vitae','Proin nisl sem, consequat nec, mollis vitae, posuere at, velit. Cras lorem lorem, luctus ut, pellentesque eget, dictum placerat, augue. Sed molestie. Sed id risus quis diam luctus lobortis. Class aptent taciti sociosqu ad litora torquent per conubia nostra,','2024/05/27',false,false),
    (36,9,'luctus et ultrices posuere cubilia Curae','elit, pretium et, rutrum non, hendrerit id, ante. Nunc mauris sapien, cursus in, hendrerit consectetuer, cursus et, magna. Praesent interdum ligula eu enim. Etiam imperdiet dictum','2023/05/07',true,true),
    (23,21,'et magnis dis parturient montes,','libero. Donec consectetuer mauris id sapien. Cras dolor dolor, tempus non, lacinia at, iaculis quis, pede. Praesent eu dui. Cum sociis natoque penatibus et','2022/07/27',false,false),
    (8,36,'posuere, enim nisl elementum purus, accumsan interdum libero dui nec','nunc sed pede. Cum sociis natoque penatibus et magnis dis parturient montes, nascetur ridiculus mus. Proin vel arcu eu odio tristique pharetra. Quisque ac libero nec ligula consectetuer rhoncus. Nullam velit dui, semper et, lacinia vitae, sodales','2023/08/05',true,false),
    (44,9,'eu neque pellentesque massa lobortis','enim mi tempor lorem, eget mollis lectus pede et risus. Quisque libero lacus, varius et, euismod et, commodo at, libero. Morbi accumsan','2022/08/27',false,false),
    (48,42,'ut eros non enim commodo hendrerit. Donec porttitor tellus non','ut eros non enim commodo hendrerit. Donec porttitor tellus non magna. Nam ligula elit, pretium et, rutrum non, hendrerit id, ante. Nunc mauris sapien, cursus in,','2021/09/23',true,true),
    (36,3,'arcu. Aliquam ultrices iaculis odio. Nam interdum','elit. Etiam laoreet, libero et tristique pellentesque, tellus sem mollis dui, in sodales elit erat vitae risus. Duis a mi fringilla mi lacinia mattis. Integer eu lacus. Quisque','2020/12/04',false,false),
    (8,47,'ut nisi a odio','nisi nibh lacinia orci, consectetuer euismod est arcu ac orci. Ut semper pretium neque. Morbi quis urna. Nunc quis arcu vel quam dignissim pharetra. Nam ac nulla. In tincidunt','2022/12/13',false,false),
    (44,49,'Cras pellentesque. Sed dictum. Proin eget odio. Aliquam','diam at pretium aliquet, metus urna convallis erat, eget tincidunt dui augue eu tellus. Phasellus elit pede, malesuada vel, venenatis vel,','2020/01/01',false,false),
    (45,14,'varius ultrices, mauris ipsum porta elit, a','dui quis accumsan convallis, ante lectus convallis est, vitae sodales nisi magna sed dui. Fusce aliquam, enim nec tempus scelerisque, lorem ipsum sodales purus, in molestie tortor nibh sit amet orci. Ut','2020/06/22',true,false),
    (8,34,'Ut sagittis lobortis mauris. Suspendisse aliquet','rhoncus. Proin nisl sem, consequat nec, mollis vitae, posuere at, velit. Cras lorem lorem, luctus ut, pellentesque eget, dictum placerat, augue. Sed molestie. Sed id risus quis diam luctus lobortis. Class aptent taciti sociosqu ad litora torquent per','2024/01/07',false,false),
    (44,25,'Nullam scelerisque neque sed sem','velit eu sem. Pellentesque ut ipsum ac mi eleifend egestas. Sed pharetra, felis eget varius ultrices, mauris ipsum porta elit, a feugiat tellus lorem eu metus. In lorem. Donec elementum, lorem ut','2025/04/30',true,true),
    (44,22,'mi eleifend egestas. Sed pharetra, felis eget varius','et, commodo at, libero. Morbi accumsan laoreet ipsum. Curabitur consequat, lectus sit amet luctus vulputate, nisi sem semper erat, in consectetuer ipsum nunc id enim. Curabitur massa.','2023/05/07',true,true),
    (44,17,'Integer tincidunt aliquam arcu. Aliquam ultrices iaculis odio. Nam interdum','ridiculus mus. Proin vel nisl. Quisque fringilla euismod enim. Etiam gravida molestie arcu. Sed eu nibh vulputate mauris sagittis placerat. Cras dictum ultricies ligula. Nullam enim. Sed nulla ante, iaculis nec, eleifend non, dapibus','2020/08/26',false,false),
    (2,3,'Cras eget nisi dictum augue malesuada malesuada.','pulvinar arcu et pede. Nunc sed orci lobortis augue scelerisque mollis. Phasellus libero mauris, aliquam eu, accumsan sed, facilisis vitae, orci. Phasellus dapibus quam quis diam. Pellentesque habitant morbi tristique senectus','2023/12/28',true,false),
    (2,45,'vestibulum nec, euismod in, dolor. Fusce','Cum sociis natoque penatibus et magnis dis parturient montes, nascetur ridiculus mus. Proin vel arcu eu odio tristique pharetra. Quisque ac libero nec ligula consectetuer rhoncus. Nullam velit dui, semper et, lacinia vitae, sodales','2023/09/25',true,true),
    (36,35,'vel sapien imperdiet ornare. In faucibus.','in aliquet lobortis, nisi nibh lacinia orci, consectetuer euismod est arcu ac orci. Ut semper pretium neque. Morbi quis urna. Nunc quis arcu vel quam dignissim pharetra. Nam ac nulla. In tincidunt congue','2021/08/24',true,true),
    (15,19,'ipsum non arcu. Vivamus sit amet risus. Donec egestas.','ipsum sodales purus, in molestie tortor nibh sit amet orci. Ut sagittis lobortis mauris. Suspendisse aliquet molestie tellus. Aenean egestas hendrerit neque. In ornare sagittis felis. Donec tempor, est ac','2021/08/02',true,true),
    (44,35,'at, velit. Cras lorem lorem,','venenatis a, magna. Lorem ipsum dolor sit amet, consectetuer adipiscing elit. Etiam laoreet, libero et tristique pellentesque, tellus sem mollis dui, in sodales elit erat vitae risus. Duis a mi fringilla mi lacinia mattis. Integer eu','2023/08/21',false,true),
    (2,23,'Praesent luctus. Curabitur egestas nunc sed libero.','ac mattis semper, dui lectus rutrum urna, nec luctus felis purus ac tellus. Suspendisse sed dolor. Fusce mi lorem, vehicula et, rutrum eu, ultrices sit','2021/12/03',false,false),
    (8,18,'mus. Donec dignissim magna a tortor. Nunc','facilisis vitae, orci. Phasellus dapibus quam quis diam. Pellentesque habitant morbi tristique senectus et netus et malesuada fames ac turpis egestas. Fusce aliquet magna a neque. Nullam ut nisi a odio semper cursus. Integer mollis. Integer','2024/06/23',true,true),
    (15,31,'urna justo faucibus lectus, a sollicitudin orci','ipsum cursus vestibulum. Mauris magna. Duis dignissim tempor arcu. Vestibulum ut eros non enim commodo hendrerit. Donec porttitor tellus non magna. Nam ligula elit, pretium et, rutrum non, hendrerit id,','2025/08/18',false,false),
    (36,27,'nec orci. Donec nibh. Quisque nonummy ipsum non arcu. Vivamus','ac mattis velit justo nec ante. Maecenas mi felis, adipiscing fringilla, porttitor vulputate, posuere vulputate, lacus. Cras interdum. Nunc sollicitudin commodo ipsum. Suspendisse','2021/09/19',true,true),
    (8,47,'viverra. Donec tempus, lorem fringilla ornare placerat,','varius ultrices, mauris ipsum porta elit, a feugiat tellus lorem eu metus. In lorem. Donec elementum, lorem ut aliquam iaculis, lacus pede sagittis augue, eu tempor erat neque','2020/06/28',true,true),
    (23,16,'In condimentum. Donec at arcu. Vestibulum ante ipsum','odio, auctor vitae, aliquet nec, imperdiet nec, leo. Morbi neque tellus, imperdiet non, vestibulum nec, euismod in, dolor. Fusce feugiat. Lorem ipsum dolor sit amet, consectetuer adipiscing elit. Aliquam auctor, velit eget laoreet posuere, enim nisl','2022/01/13',true,false),
    (40,47,'vehicula. Pellentesque tincidunt tempus risus.','vestibulum nec, euismod in, dolor. Fusce feugiat. Lorem ipsum dolor sit amet, consectetuer adipiscing elit. Aliquam auctor, velit eget laoreet posuere, enim nisl elementum purus, accumsan interdum libero dui nec ipsum.','2021/12/31',true,false),
    (45,5,'nunc. Quisque ornare tortor at risus. Nunc ac','porttitor interdum. Sed auctor odio a purus. Duis elementum, dui quis accumsan convallis, ante lectus convallis est, vitae sodales nisi magna sed dui. Fusce aliquam, enim nec tempus scelerisque, lorem ipsum sodales purus,','2024/12/14',false,true),
    (40,6,'neque. In ornare sagittis felis. Donec tempor, est ac mattis','augue, eu tempor erat neque non quam. Pellentesque habitant morbi tristique senectus et netus et malesuada fames ac turpis egestas. Aliquam fringilla cursus purus. Nullam scelerisque neque sed sem egestas blandit. Nam nulla magna,','2022/11/29',true,false),
    (40,49,'metus. In nec orci. Donec','eu dolor egestas rhoncus. Proin nisl sem, consequat nec, mollis vitae, posuere at, velit. Cras lorem lorem, luctus ut, pellentesque eget, dictum placerat, augue. Sed molestie. Sed id risus quis diam luctus lobortis. Class aptent taciti sociosqu ad','2022/02/15',false,true),
    (2,7,'a felis ullamcorper viverra. Maecenas iaculis','consectetuer mauris id sapien. Cras dolor dolor, tempus non, lacinia at, iaculis quis, pede. Praesent eu dui. Cum sociis natoque penatibus et magnis dis parturient montes, nascetur ridiculus mus. Aenean eget','2021/04/12',true,true),
    (23,35,'Integer tincidunt aliquam arcu. Aliquam ultrices iaculis odio. Nam','Morbi sit amet massa. Quisque porttitor eros nec tellus. Nunc lectus pede, ultrices a, auctor non, feugiat nec, diam. Duis mi enim, condimentum eget, volutpat ornare, facilisis eget, ipsum. Donec sollicitudin adipiscing ligula. Aenean gravida nunc','2025/11/02',false,true),
    (2,22,'Sed congue, elit sed consequat auctor, nunc nulla vulputate dui,','rhoncus id, mollis nec, cursus a, enim. Suspendisse aliquet, sem ut cursus luctus, ipsum leo elementum sem, vitae aliquam eros turpis non enim. Mauris quis turpis vitae purus','2023/05/20',true,false),
    (36,45,'et magnis dis parturient montes, nascetur ridiculus mus.','placerat velit. Quisque varius. Nam porttitor scelerisque neque. Nullam nisl. Maecenas malesuada fringilla est. Mauris eu turpis. Nulla aliquet. Proin velit. Sed malesuada augue ut lacus. Nulla tincidunt, neque vitae semper egestas, urna justo faucibus lectus, a sollicitudin orci sem','2023/06/10',true,false),
    (8,2,'consequat enim diam vel arcu. Curabitur ut odio vel','mauris. Morbi non sapien molestie orci tincidunt adipiscing. Mauris molestie pharetra nibh. Aliquam ornare, libero at auctor ullamcorper, nisl arcu iaculis enim, sit amet ornare lectus justo eu arcu. Morbi sit amet','2024/02/06',false,false),
    (2,33,'cursus non, egestas a, dui. Cras pellentesque. Sed','elit. Etiam laoreet, libero et tristique pellentesque, tellus sem mollis dui, in sodales elit erat vitae risus. Duis a mi','2022/11/23',true,false),
    (44,29,'interdum ligula eu enim. Etiam','feugiat nec, diam. Duis mi enim, condimentum eget, volutpat ornare, facilisis eget, ipsum. Donec sollicitudin adipiscing ligula. Aenean gravida nunc sed pede. Cum sociis natoque penatibus et magnis dis parturient','2021/12/30',false,true),
    (36,36,'egestas blandit. Nam nulla magna, malesuada vel, convallis in,','Fusce mi lorem, vehicula et, rutrum eu, ultrices sit amet, risus. Donec nibh enim, gravida sit amet, dapibus id, blandit at, nisi.','2021/10/10',true,true),
    (25,3,'lobortis ultrices. Vivamus rhoncus. Donec est.','tortor nibh sit amet orci. Ut sagittis lobortis mauris. Suspendisse aliquet molestie tellus. Aenean egestas hendrerit neque. In ornare sagittis felis. Donec tempor, est ac mattis semper, dui lectus rutrum urna, nec luctus felis purus ac tellus.','2024/10/03',true,true),
    (25,3,'Nam ligula elit, pretium et, rutrum','risus. Duis a mi fringilla mi lacinia mattis. Integer eu lacus. Quisque imperdiet, erat nonummy ultricies ornare, elit elit fermentum risus, at fringilla purus mauris a nunc. In at pede. Cras vulputate velit eu sem. Pellentesque ut ipsum ac','2023/01/22',true,false),
    (40,37,'Curabitur massa. Vestibulum accumsan neque et nunc. Quisque','lorem, luctus ut, pellentesque eget, dictum placerat, augue. Sed molestie. Sed id risus quis diam luctus lobortis. Class aptent taciti sociosqu ad litora torquent per conubia nostra, per inceptos hymenaeos. Mauris ut quam vel sapien','2024/10/15',false,false),
    (48,11,'lobortis tellus justo sit amet nulla. Donec non','a, enim. Suspendisse aliquet, sem ut cursus luctus, ipsum leo elementum sem, vitae aliquam eros turpis non enim. Mauris quis turpis vitae purus gravida sagittis. Duis gravida. Praesent eu nulla at sem molestie sodales.','2020/08/09',true,true),
    (23,33,'litora torquent per conubia nostra, per inceptos hymenaeos. Mauris','eu, ligula. Aenean euismod mauris eu elit. Nulla facilisi. Sed neque. Sed eget lacus. Mauris non dui nec urna suscipit nonummy. Fusce fermentum fermentum arcu. Vestibulum ante ipsum primis in faucibus orci luctus et ultrices posuere cubilia','2021/08/25',false,false),
    (23,39,'parturient montes, nascetur ridiculus mus. Donec','nibh. Quisque nonummy ipsum non arcu. Vivamus sit amet risus. Donec egestas. Aliquam nec enim. Nunc ut erat. Sed nunc est, mollis non, cursus non, egestas a, dui. Cras pellentesque. Sed','2025/06/01',false,true),
    (44,38,'Donec feugiat metus sit amet ante. Vivamus non lorem vitae','sociis natoque penatibus et magnis dis parturient montes, nascetur ridiculus mus. Proin vel arcu eu odio tristique pharetra. Quisque ac libero nec ligula consectetuer rhoncus. Nullam velit dui, semper','2024/08/01',true,false),
    (48,20,'Nullam feugiat placerat velit. Quisque varius. Nam','sem eget massa. Suspendisse eleifend. Cras sed leo. Cras vehicula aliquet libero. Integer in magna. Phasellus dolor elit, pellentesque a, facilisis non, bibendum sed, est. Nunc laoreet lectus quis massa. Mauris vestibulum, neque sed dictum eleifend,','2025/12/21',false,true),
    (23,50,'urna. Ut tincidunt vehicula risus.','netus et malesuada fames ac turpis egestas. Fusce aliquet magna a neque. Nullam ut nisi a odio semper cursus. Integer mollis. Integer tincidunt aliquam arcu. Aliquam ultrices iaculis odio.','2023/09/30',false,true),
    (40,5,'dictum sapien. Aenean massa. Integer vitae nibh. Donec est mauris,','enim. Etiam imperdiet dictum magna. Ut tincidunt orci quis lectus. Nullam suscipit, est ac facilisis facilisis, magna tellus faucibus leo, in lobortis tellus justo sit amet','2021/08/16',true,true),
    (2,22,'luctus aliquet odio. Etiam ligula tortor, dictum eu, placerat','eget varius ultrices, mauris ipsum porta elit, a feugiat tellus lorem eu metus. In lorem. Donec elementum, lorem ut aliquam iaculis, lacus pede sagittis augue, eu tempor','2025/05/05',true,true),
    (2,47,'sem elit, pharetra ut,','morbi tristique senectus et netus et malesuada fames ac turpis egestas. Fusce aliquet magna a neque. Nullam ut nisi a','2021/02/19',false,false),
    (36,42,'vitae aliquam eros turpis non enim. Mauris','Etiam laoreet, libero et tristique pellentesque, tellus sem mollis dui, in sodales elit erat vitae risus. Duis a mi fringilla mi lacinia mattis. Integer eu lacus. Quisque imperdiet, erat nonummy ultricies','2024/02/03',false,false),
    (44,6,'enim. Curabitur massa. Vestibulum accumsan','Morbi metus. Vivamus euismod urna. Nullam lobortis quam a felis ullamcorper viverra. Maecenas iaculis aliquet diam. Sed diam lorem, auctor quis, tristique ac, eleifend vitae, erat. Vivamus nisi. Mauris nulla.','2024/08/24',false,false),
    (36,49,'torquent per conubia nostra, per inceptos hymenaeos.','nec tempus mauris erat eget ipsum. Suspendisse sagittis. Nullam vitae diam. Proin dolor. Nulla semper tellus id nunc interdum feugiat. Sed nec metus facilisis lorem tristique aliquet. Phasellus fermentum convallis ligula. Donec luctus aliquet odio.','2025/11/15',false,false),
    (48,9,'tellus sem mollis dui, in sodales','Quisque porttitor eros nec tellus. Nunc lectus pede, ultrices a, auctor non, feugiat nec, diam. Duis mi enim, condimentum eget, volutpat ornare, facilisis eget, ipsum. Donec sollicitudin adipiscing ligula. Aenean gravida nunc','2023/08/15',false,false),
    (48,13,'quis turpis vitae purus gravida','sit amet, consectetuer adipiscing elit. Etiam laoreet, libero et tristique pellentesque, tellus sem mollis dui, in sodales elit erat vitae risus. Duis a mi','2024/02/09',true,false),
    (44,41,'arcu imperdiet ullamcorper. Duis at lacus. Quisque purus','Donec sollicitudin adipiscing ligula. Aenean gravida nunc sed pede. Cum sociis natoque penatibus et magnis dis parturient montes, nascetur ridiculus mus. Proin vel','2020/06/05',false,false),
    (36,23,'non magna. Nam ligula elit, pretium et,','augue ut lacus. Nulla tincidunt, neque vitae semper egestas, urna justo faucibus lectus, a sollicitudin orci sem eget massa. Suspendisse eleifend. Cras sed leo. Cras vehicula aliquet libero. Integer in magna. Phasellus dolor elit, pellentesque a, facilisis','2025/09/11',false,true),
    (25,45,'aliquet magna a neque. Nullam ut nisi a odio','eu nibh vulputate mauris sagittis placerat. Cras dictum ultricies ligula. Nullam enim. Sed nulla ante, iaculis nec, eleifend non, dapibus rutrum, justo. Praesent luctus. Curabitur egestas nunc sed libero. Proin sed turpis','2021/12/19',true,true),
    (48,39,'felis orci, adipiscing non, luctus sit amet, faucibus','elit, pellentesque a, facilisis non, bibendum sed, est. Nunc laoreet lectus quis massa. Mauris vestibulum, neque sed dictum eleifend, nunc risus varius orci, in consequat enim','2024/04/17',true,true),
    (45,39,'placerat, orci lacus vestibulum lorem, sit amet','mauris. Suspendisse aliquet molestie tellus. Aenean egestas hendrerit neque. In ornare sagittis felis. Donec tempor, est ac mattis semper, dui lectus rutrum urna, nec luctus felis purus ac tellus. Suspendisse sed','2025/06/11',true,false),
    (23,36,'Etiam imperdiet dictum magna. Ut tincidunt orci quis','ipsum primis in faucibus orci luctus et ultrices posuere cubilia Curae Phasellus ornare. Fusce mollis. Duis sit amet diam eu dolor egestas rhoncus. Proin nisl sem, consequat nec, mollis vitae, posuere at, velit. Cras','2021/07/01',true,true),
    (8,5,'Sed neque. Sed eget lacus. Mauris non dui nec urna','mi, ac mattis velit justo nec ante. Maecenas mi felis, adipiscing fringilla, porttitor vulputate, posuere vulputate, lacus. Cras interdum. Nunc sollicitudin commodo ipsum. Suspendisse non leo. Vivamus nibh dolor, nonummy ac, feugiat non, lobortis quis, pede. Suspendisse dui.','2022/03/18',true,true),
    (15,23,'felis purus ac tellus. Suspendisse sed','lacus. Etiam bibendum fermentum metus. Aenean sed pede nec ante blandit viverra. Donec tempus, lorem fringilla ornare placerat, orci lacus','2023/12/01',false,true),
    (44,32,'nec ante blandit viverra. Donec tempus, lorem fringilla','ridiculus mus. Proin vel nisl. Quisque fringilla euismod enim. Etiam gravida molestie arcu. Sed eu nibh vulputate mauris sagittis placerat. Cras dictum ultricies','2020/10/31',false,true),
    (23,7,'magna. Nam ligula elit, pretium','nisl. Maecenas malesuada fringilla est. Mauris eu turpis. Nulla aliquet. Proin velit. Sed malesuada augue ut lacus. Nulla tincidunt, neque vitae semper egestas, urna justo faucibus lectus, a sollicitudin orci sem eget','2025/01/14',true,false),
    (36,27,'auctor, velit eget laoreet posuere, enim nisl elementum','ridiculus mus. Proin vel nisl. Quisque fringilla euismod enim. Etiam gravida molestie arcu. Sed eu nibh vulputate mauris sagittis placerat. Cras dictum ultricies ligula. Nullam enim. Sed','2025/12/28',false,false),
    (45,17,'eu elit. Nulla facilisi. Sed neque.','arcu vel quam dignissim pharetra. Nam ac nulla. In tincidunt congue turpis. In condimentum. Donec at arcu. Vestibulum ante ipsum primis in faucibus orci luctus et ultrices posuere cubilia Curae Donec tincidunt. Donec vitae','2020/06/13',true,true),
    (44,40,'vitae erat vel pede blandit congue. In','risus, at fringilla purus mauris a nunc. In at pede. Cras vulputate velit eu sem. Pellentesque ut ipsum ac mi eleifend egestas. Sed pharetra, felis eget varius ultrices, mauris ipsum','2023/02/18',true,false),
    (2,17,'Vivamus nisi. Mauris nulla. Integer urna. Vivamus molestie','Aliquam vulputate ullamcorper magna. Sed eu eros. Nam consequat dolor vitae dolor. Donec fringilla. Donec feugiat metus sit amet ante. Vivamus non lorem vitae odio sagittis semper. Nam tempor diam dictum sapien. Aenean massa. Integer vitae','2023/10/19',true,true),
    (25,1,'sociis natoque penatibus et magnis dis parturient montes,','eu lacus. Quisque imperdiet, erat nonummy ultricies ornare, elit elit fermentum risus, at fringilla purus mauris a nunc. In at pede. Cras vulputate velit eu sem. Pellentesque ut','2025/05/21',true,false),
    (15,40,'vitae erat vel pede blandit congue. In scelerisque','Donec at arcu. Vestibulum ante ipsum primis in faucibus orci luctus et ultrices posuere cubilia Curae Donec tincidunt. Donec vitae','2025/03/23',false,false),
    (40,7,'sit amet metus. Aliquam erat volutpat. Nulla facilisis. Suspendisse','id, libero. Donec consectetuer mauris id sapien. Cras dolor dolor, tempus non, lacinia at, iaculis quis, pede. Praesent eu dui. Cum sociis natoque penatibus et magnis dis parturient montes,','2024/05/16',true,false),
    (40,11,'nulla ante, iaculis nec, eleifend non, dapibus','justo faucibus lectus, a sollicitudin orci sem eget massa. Suspendisse eleifend. Cras sed leo. Cras vehicula aliquet libero. Integer in magna. Phasellus dolor elit, pellentesque a,','2021/05/19',false,true),
    (45,35,'egestas nunc sed libero. Proin sed','egestas. Fusce aliquet magna a neque. Nullam ut nisi a odio semper cursus. Integer mollis. Integer tincidunt aliquam arcu. Aliquam ultrices iaculis odio. Nam interdum enim non nisi. Aenean eget metus. In nec orci. Donec','2024/03/07',false,true),
    (48,2,'auctor velit. Aliquam nisl. Nulla eu neque pellentesque','ipsum leo elementum sem, vitae aliquam eros turpis non enim. Mauris quis turpis vitae purus gravida sagittis. Duis gravida. Praesent eu nulla at sem molestie sodales. Mauris blandit enim consequat purus. Maecenas libero est, congue','2020/08/27',false,false),
    (25,13,'lacinia mattis. Integer eu lacus. Quisque imperdiet, erat','Sed dictum. Proin eget odio. Aliquam vulputate ullamcorper magna. Sed eu eros. Nam consequat dolor vitae dolor. Donec fringilla. Donec feugiat metus sit amet','2024/05/25',false,false),
    (48,34,'in lobortis tellus justo sit','Donec tincidunt. Donec vitae erat vel pede blandit congue. In scelerisque scelerisque dui. Suspendisse ac metus vitae velit egestas lacinia. Sed congue, elit sed consequat auctor, nunc nulla vulputate dui, nec tempus mauris erat eget','2020/04/05',true,false),
    (25,26,'Fusce aliquam, enim nec','tristique senectus et netus et malesuada fames ac turpis egestas. Aliquam fringilla cursus purus. Nullam scelerisque neque sed sem egestas blandit. Nam nulla magna, malesuada vel, convallis','2023/02/07',false,false),
    (23,15,'tincidunt, nunc ac mattis ornare, lectus ante dictum mi,','congue. In scelerisque scelerisque dui. Suspendisse ac metus vitae velit egestas lacinia. Sed congue, elit sed consequat auctor, nunc nulla vulputate dui, nec tempus mauris erat eget','2023/12/16',false,true),
    (8,24,'semper. Nam tempor diam dictum sapien. Aenean','euismod ac, fermentum vel, mauris. Integer sem elit, pharetra ut, pharetra sed, hendrerit a, arcu. Sed et libero. Proin mi. Aliquam gravida mauris ut mi. Duis risus odio, auctor','2023/04/06',true,true),
    (15,7,'ridiculus mus. Aenean eget magna.','vel turpis. Aliquam adipiscing lobortis risus. In mi pede, nonummy ut, molestie in, tempus eu, ligula. Aenean euismod mauris eu elit. Nulla facilisi. Sed neque.','2020/03/08',false,false),
    (40,25,'molestie tellus. Aenean egestas hendrerit neque.','malesuada fringilla est. Mauris eu turpis. Nulla aliquet. Proin velit. Sed malesuada augue ut lacus. Nulla tincidunt, neque vitae semper egestas, urna justo faucibus lectus, a sollicitudin orci sem eget','2023/01/25',false,false),
    (8,33,'interdum ligula eu enim. Etiam imperdiet dictum magna.','massa. Integer vitae nibh. Donec est mauris, rhoncus id, mollis nec, cursus a, enim. Suspendisse aliquet, sem ut cursus luctus, ipsum leo elementum sem, vitae aliquam eros turpis non enim. Mauris quis turpis','2023/04/11',true,true),
    (2,8,'lacinia vitae, sodales at, velit.','auctor odio a purus. Duis elementum, dui quis accumsan convallis, ante lectus convallis est, vitae sodales nisi magna sed dui. Fusce aliquam, enim nec tempus scelerisque, lorem','2021/09/05',true,false),
    (25,48,'natoque penatibus et magnis dis parturient','sem, vitae aliquam eros turpis non enim. Mauris quis turpis vitae purus gravida sagittis. Duis gravida. Praesent eu nulla at sem molestie sodales. Mauris','2020/05/28',true,true),
    (45,18,'non dui nec urna suscipit','risus. In mi pede, nonummy ut, molestie in, tempus eu, ligula. Aenean euismod mauris eu elit. Nulla facilisi. Sed neque. Sed eget lacus.','2022/10/06',true,true),
    (45,28,'nonummy ac, feugiat non, lobortis quis, pede. Suspendisse dui.','sapien, gravida non, sollicitudin a, malesuada id, erat. Etiam vestibulum massa rutrum magna. Cras convallis convallis dolor. Quisque tincidunt pede ac urna. Ut tincidunt vehicula risus. Nulla eget metus eu','2021/03/07',false,true),
    (23,4,'odio vel est tempor bibendum. Donec felis orci,','neque vitae semper egestas, urna justo faucibus lectus, a sollicitudin orci sem eget massa. Suspendisse eleifend. Cras sed leo. Cras vehicula aliquet libero. Integer in magna. Phasellus dolor elit, pellentesque a, facilisis non,','2022/04/03',true,false),
    (8,48,'pretium aliquet, metus urna convallis erat, eget tincidunt dui','sit amet ante. Vivamus non lorem vitae odio sagittis semper. Nam tempor diam dictum sapien. Aenean massa. Integer vitae nibh. Donec est mauris, rhoncus id, mollis nec, cursus a, enim. Suspendisse aliquet, sem ut cursus luctus, ipsum leo elementum','2025/07/05',false,true),
    (8,25,'Sed nunc est, mollis non,','nibh. Donec est mauris, rhoncus id, mollis nec, cursus a, enim. Suspendisse aliquet, sem ut cursus luctus, ipsum leo elementum sem, vitae aliquam eros turpis non enim. Mauris quis turpis vitae purus gravida sagittis. Duis gravida. Praesent eu nulla','2021/10/02',false,false),
    (40,43,'amet, faucibus ut, nulla.','Donec egestas. Aliquam nec enim. Nunc ut erat. Sed nunc est, mollis non, cursus non, egestas a, dui. Cras pellentesque. Sed dictum. Proin eget odio. Aliquam','2020/01/18',false,false),
    (8,1,'in felis. Nulla tempor augue ac ipsum. Phasellus','Morbi neque tellus, imperdiet non, vestibulum nec, euismod in, dolor. Fusce feugiat. Lorem ipsum dolor sit amet, consectetuer adipiscing elit. Aliquam auctor, velit eget laoreet posuere, enim nisl elementum purus, accumsan','2022/09/25',false,true);

INSERT INTO course_staff (course_id, staff_id)
VALUES (1, 5),
    (1, 10),
    (2, 12),
    (2, 15),
    (3, 8),
    (3, 20),
    (4, 25),
    (4, 30),
    (5, 35),
    (5, 40),
    (6, 18),
    (6, 22),
    (7, 11),
    (7, 7),
    (8, 14),
    (8, 28),
    (9, 19),
    (9, 2),
    (10, 32),
    (10, 26),
    (11, 13),
    (11, 33),
    (12, 3),
    (12, 21),
    (13, 16),
    (13, 38),
    (14, 4),
    (14, 27),
    (15, 9),
    (15, 37),
    (16, 1),
    (16, 6),
    (17, 17),
    (17, 23),
    (18, 24),
    (18, 31),
    (19, 34),
    (19, 36),
    (20, 39),
    (20, 43),
    (21, 45),
    (21, 48),
    (22, 50),
    (22, 2),
    (23, 8),
    (23, 18),
    (24, 25),
    (24, 33),
    (25, 41),
    (25, 12);

INSERT INTO role (role_name, role_description)
VALUES
    ('Administrator', 'Manages administrative tasks'),
    ('IT Support', 'Provides technical support'),
    ('Tutor', 'Teaches students'),
    ('Cleaner', 'Maintains cleanliness of the branch'),
    ('Security Guard', 'Ensures security of the premises'),
    ('Receptionist', 'Handles inquiries and front desk duties'),
    ('Lab Technician', 'Maintains and prepares lab equipment'),
    ('Finance Manager', 'Manages financial records and budgeting'),
    ('HR Manager', 'Oversees staff and HR functions'),
    ('Academic Advisor', 'Provides guidance to students'),
    ('Course Coordinator', 'Coordinates courses and schedules'),
    ('Marketing Manager', 'Handles marketing and advertising'),
    ('Library Manager', 'Oversees library operations'),
    ('Counselor', 'Provides student counseling services'),
    ('Workshop Facilitator', 'Leads workshops and trainings'),
    ('Research Assistant', 'Supports research projects'),
    ('Event Organizer', 'Plans and manages events'),
    ('Maintenance Worker', 'Handles repairs and maintenance'),
    ('Driver', 'Transports staff or equipment'),
    ('Data Analyst', 'Analyzes and reports on data trends');

INSERT INTO staff_role(staff_id, role_id)
VALUES
    (1,4),
    (1,7),
    (1,8),
    (1,10),
    (1,12),
    (1,13),
    (1,14),
    (1,17),
    (1,19),
    (2,2),
    (2,3),
    (2,4),
    (2,8),
    (2,9),
    (2,10),
    (2,12),
    (2,13),
    (2,14),
    (2,15),
    (2,16),
    (2,17),
    (2,19),
    (3,4),
    (3,5),
    (3,6),
    (3,10),
    (3,14),
    (3,16),
    (3,19),
    (4,4),
    (4,5),
    (4,6),
    (4,7),
    (4,9),
    (4,12),
    (4,14),
    (4,16),
    (4,17),
    (5,2),
    (5,3),
    (5,6),
    (5,7),
    (5,9),
    (5,13),
    (5,14),
    (6,3),
    (6,5),
    (6,6),
    (6,9),
    (6,11),
    (6,12),
    (6,13),
    (6,18),
    (7,3),
    (7,10),
    (7,13),
    (7,15),
    (7,17),
    (8,7),
    (8,9),
    (8,12),
    (8,20),
    (9,4),
    (9,8),
    (9,9),
    (9,10),
    (9,14),
    (9,17),
    (9,19),
    (9,20),
    (10,1),
    (10,3),
    (10,4),
    (10,5),
    (10,6),
    (10,7),
    (10,9),
    (11,1),
    (11,2),
    (11,3),
    (11,5),
    (11,6),
    (12,1),
    (12,6),
    (12,9),
    (13,1),
    (13,2),
    (13,3),
    (13,5),
    (13,6),
    (13,8),
    (13,9),
    (14,1),
    (14,2),
    (14,7),
    (14,9),
    (15,1),
    (15,2),
    (15,3),
    (15,5),
    (16,1),
    (16,2),
    (16,6),
    (16,8),
    (17,1),
    (17,2),
    (17,3),
    (17,5),
    (17,6),
    (18,1),
    (18,2),
    (18,4),
    (18,9),
    (19,1),
    (19,5),
    (19,8),
    (20,1),
    (20,2),
    (20,3),
    (20,4),
    (20,6),
    (20,9),
    (21,1),
    (21,4),
    (22,1),
    (22,2),
    (22,3),
    (22,7),
    (22,9),
    (23,1),
    (23,4),
    (23,6),
    (23,9),
    (24,1),
    (24,2),
    (25,1),
    (25,5),
    (25,6),
    (25,8),
    (26,1),
    (26,2),
    (26,8),
    (27,1),
    (27,2),
    (27,6),
    (27,8),
    (28,1),
    (28,2),
    (28,4),
    (28,5),
    (28,8),
    (28,9),
    (29,1),
    (29,2),
    (29,4),
    (29,8),
    (30,1),
    (30,2),
    (30,3),
    (30,7),
    (30,8),
    (31,1),
    (31,4),
    (31,5),
    (31,7),
    (31,8),
    (31,9),
    (32,1),
    (32,2),
    (32,4),
    (32,7),
    (32,9),
    (33,1),
    (33,4),
    (33,5),
    (33,7),
    (33,9),
    (34,1),
    (34,5),
    (34,8),
    (34,9),
    (35,1),
    (35,4),
    (35,7),
    (35,9),
    (36,1),
    (36,2),
    (36,5),
    (36,8),
    (36,9),
    (37,1),
    (37,2),
    (37,4),
    (37,7),
    (38,1),
    (38,2),
    (38,3),
    (38,7),
    (38,9),
    (39,1),
    (39,2),
    (39,3),
    (39,4),
    (39,5),
    (39,7),
    (40,1),
    (40,4),
    (40,7),
    (40,8),
    (40,9),
    (41,1),
    (41,3),
    (41,9),
    (42,1),
    (42,3),
    (42,5),
    (43,1),
    (43,2),
    (43,4),
    (43,6),
    (44,1),
    (44,2),
    (44,5),
    (44,6),
    (44,9),
    (45,1),
    (45,2),
    (45,4),
    (45,5),
    (45,6),
    (45,7),
    (45,8),
    (46,1),
    (46,2),
    (46,3),
    (46,5),
    (46,6),
    (46,8),
    (46,9),
    (47,1),
    (47,2),
    (47,4),
    (47,5),
    (47,7),
    (47,9),
    (48,1),
    (48,2),
    (48,3),
    (48,4),
    (48,5),
    (48,8),
    (49,1),
    (49,2),
    (49,5),
    (49,6),
    (49,8),
    (49,9),
    (50,1),
    (50,7);

INSERT INTO staff_availability (staff_id, day_of_week)
VALUES (1, 1),
    (1, 2),
    (1, 3),
    (2, 2),
    (2, 4),
    (2, 6),
    (3, 3),
    (3, 5),
    (3, 7),
    (4, 1),
    (4, 2),
    (4, 4),
    (5, 5),
    (5, 6),
    (5, 7),
    (6, 1),
    (6, 3),
    (6, 6),
    (7, 2),
    (7, 4),
    (7, 7),
    (8, 1),
    (8, 5),
    (8, 6),
    (9, 2),
    (9, 3),
    (9, 7),
    (10, 4),
    (10, 5),
    (10, 6),
    (11, 1),
    (11, 2),
    (11, 4),
    (12, 3),
    (12, 6),
    (12, 7),
    (13, 1),
    (13, 5),
    (13, 7),
    (14, 2),
    (14, 3),
    (14, 6),
    (15, 4),
    (15, 5),
    (15, 7),
    (16, 1),
    (16, 2),
    (16, 6),
    (17, 3),
    (17, 4),
    (17, 7),
    (18, 1),
    (18, 5),
    (18, 7);

INSERT INTO staff_absence (staff_id,absence_start,absence_end,absence_type)
VALUES 
    (1,'2024-01-10 09:00:00','2024-01-12 17:00:00','Holiday'),
    (2,'2024-02-15 08:30:00','2024-02-15 12:30:00','Personal'),
    (3,'2024-03-05 09:00:00','2024-03-08 17:00:00','Sickness'),
    (4,'2024-04-20 09:00:00','2024-04-22 17:00:00','Holiday'),
    (5,'2024-05-10 10:00:00','2024-05-10 15:00:00','Personal'),
    (6,'2024-06-25 09:00:00','2024-06-26 17:00:00','Sickness'),
    (7,'2024-07-05 08:00:00','2024-07-05 13:00:00','Holiday'),
    (8,'2024-08-15 09:00:00','2024-08-18 17:00:00','Personal'),
    (9,'2024-09-05 09:00:00','2024-09-07 17:00:00','Sickness'),
    (10,'2024-10-10 09:00:00','2024-10-12 17:00:00','Holiday'),
    (11,'2024-11-20 08:00:00','2024-11-20 16:00:00','Personal'),
    (12,'2024-12-01 09:00:00','2024-12-03 17:00:00','Sickness'),
    (13,'2024-01-15 09:00:00','2024-01-17 17:00:00','Holiday'),
    (14,'2024-02-28 09:00:00','2024-02-28 14:00:00','Personal'),
    (15,'2024-03-10 09:00:00','2024-03-12 17:00:00','Sickness'),
    (16,'2024-04-05 09:00:00','2024-04-06 17:00:00','Holiday'),
    (17,'2024-05-20 08:30:00','2024-05-20 13:30:00','Personal'),
    (18,'2024-06-15 09:00:00','2024-06-17 17:00:00','Sickness'),
    (1,'2024-03-05 09:00:00','2024-03-07 17:00:00','Sickness'),
    (2,'2024-04-01 09:00:00','2024-04-02 17:00:00','Holiday');

INSERT INTO room (room_id, branch_id, room_name, room_type, capacity) 
VALUES
    (1, 1, 'Room A', 'Classroom', 30),
    (2, 1, 'Room B', 'Computer Lab', 20),
    (3, 1, 'Room C', 'Lecture Hall', 100),
    (4, 2, 'Room A', 'Science Lab', 25),
    (5, 2, 'Room B', 'Classroom', 35),
    (6, 3, 'Room A', 'Computer Lab', 15),
    (7, 3, 'Room G', 'Lecture Hall', 120),
    (8, 4, 'Room H', 'Science Lab', 20),
    (9, 4, 'Room I', 'Classroom', 40),
    (10, 5, 'Room J', 'Computer Lab', 25),
    (11, 5, 'Room K', 'Lecture Hall', 80),
    (12, 6, 'Room L', 'Science Lab', 30),
    (13, 6, 'Room M', 'Classroom', 50),
    (14, 7, 'Room N', 'Computer Lab', 20),
    (15, 8, 'Room O', 'Lecture Hall', 150),
    (16, 8, 'Room P', 'Classroom', 45),
    (17, 9, 'Room Q', 'Science Lab', 35),
    (18, 9, 'Room R', 'Classroom', 60),
    (19, 10, 'Room S', 'Computer Lab', 10),
    (20, 10, 'Room T', 'Lecture Hall', 200);

INSERT INTO facility (facility_name)
VALUES
    ('Projector'),
    ('Whiteboard'),
    ('Smart Board'),
    ('Desktop Computers'),
    ('Printer'),
    ('Scanner'),
    ('3D Printer'),
    ('Microscope'),
    ('Lab Equipment Set'),
    ('Sound System'),
    ('Video Conferencing Equipment'),
    ('Smart Podium'), 
    ('Lockers');

INSERT INTO room_facility (room_id, facility_id, quantity) 
VALUES
    (1, 1, 1),  
    (1, 2, 1),  
    (2, 4, 20), 
    (2, 5, 1),  
    (2, 6, 1),  
    (3, 1, 1),  
    (3, 10, 1), 
    (4, 8, 1),  
    (4, 9, 1), 
    (5, 1, 1),  
    (5, 2, 1),  
    (6, 4, 15),
    (6, 5, 1),  
    (6, 6, 1),  
    (10, 4, 25),
    (10, 5, 1),  
    (10, 6, 1),  
    (11, 1, 1),  
    (11, 10, 1),
    (12, 8, 1),  
    (12, 9, 1),
    (13, 1, 1),  
    (13, 2, 1),  
    (14, 4, 20),
    (14, 5, 1),  
    (14, 6, 1);  

INSERT INTO student(student_email, student_first_name, student_middle_name, student_last_name, student_title, student_mobile_code, student_mobile, student_addr1, student_addr2, student_city, student_postcode, student_country_code, student_date_of_birth)
VALUES
    ('oliver.jackson11@example.com', 'Oliver', NULL, 'Jackson', 'Mr', '+44', '7123456791', '654 Elm Crescent', 'Flat 2', 'Liverpool', 'L1 2AB', 'UK', '1998-10-24'),
    ('isabella.martin12@example.com', 'Isabella', NULL, 'Martin', 'Ms', '+44', '7123456792', '987 Oak Court', NULL, 'Southampton', 'SO14 1AD', 'UK', '2000-04-15'),
    ('charlie.clark13@example.com', 'Charlie', 'F.', 'Clark', 'Mx', '+44', '7123456793', '123 Cherry Way', 'Unit 6', 'Manchester', 'M2 2HL', 'UK', '1997-01-05'),
    ('ava.walker14@example.com', 'Ava', NULL, 'Walker', 'Miss', '+44', '7123456794', '432 Palm Road', NULL, 'Newcastle', 'NE1 3QX', 'UK', '1999-12-22'),
    ('noah.lewis15@example.com', 'Noah', 'G.', 'Lewis', 'Mr', '+44', '7123456795', '789 Maple Street', 'Suite 7', 'Leeds', 'LS2 6ZB', 'UK', '2001-06-10'),
    ('mia.harris16@example.com', 'Mia', NULL, 'Harris', 'Ms', '+44', '7123456796', '654 Cedar Drive', 'Flat 3A', 'Bristol', 'BS3 7DP', 'UK', '1999-03-29'),
    ('ethan.young17@example.com', 'Ethan', 'H.', 'Young', 'Mr', '+44', '7123456797', '321 Birch Lane', NULL, 'Edinburgh', 'EH2 4DD', 'UK', '2002-02-18'),
    ('sophie.white18@example.com', 'Sophie', NULL, 'White', 'Ms', '+44', '7123456798', '987 Pine Street', 'Apt 2B', 'Nottingham', 'NG2 5LN', 'UK', '2000-09-09'),
    ('william.king19@example.com', 'William', 'I.', 'King', 'Mr', '+44', '7123456799', '123 Oak Road', 'Flat 4', 'Liverpool', 'L3 7RB', 'UK', '1998-12-03'),
    ('lucy.green20@example.com', 'Lucy', NULL, 'Green', 'Ms', '+44', '7123456800', '876 Willow Crescent', 'Block 1', 'Glasgow', 'G2 5RY', 'UK', '2001-01-17'),
    ('jack.scott21@example.com', 'Jack', 'J.', 'Scott', 'Mr', '+44', '7123456801', '234 Maple Crescent', 'Unit 9', 'Southampton', 'SO15 1RT', 'UK', '2002-06-27'),
    ('olivia.adams22@example.com', 'Olivia', NULL, 'Adams', 'Miss', '+44', '7123456802', '567 Oak Boulevard', 'Suite 5A', 'London', 'E1 7AA', 'UK', '2000-11-02'),
    ('harry.martin23@example.com', 'Harry', 'K.', 'Martin', 'Mr', '+44', '7123456803', '876 Birch Street', 'Unit 2A', 'Manchester', 'M3 8DP', 'UK', '1999-10-14'),
    ('amelia.evans24@example.com', 'Amelia', NULL, 'Evans', 'Miss', '+44', '7123456804', '654 Pine Crescent', NULL, 'Bristol', 'BS4 2AQ', 'UK', '1998-05-30'),
    ('jacob.baker25@example.com', 'Jacob', 'L.', 'Baker', 'Mr', '+44', '7123456805', '321 Cedar Street', 'Block 4', 'Leeds', 'LS3 9DF', 'UK', '2001-07-11'),
    ('ella.james26@example.com', 'Ella', NULL, 'James', 'Ms', '+44', '7123456806', '432 Oak Crescent', 'Flat 6', 'Cardiff', 'CF3 4AP', 'UK', '1999-08-19'),
    ('lucas.davis27@example.com', 'Lucas', 'M.', 'Davis', 'Mr', '+44', '7123456807', '789 Elm Lane', 'Suite 3', 'Nottingham', 'NG3 5QR', 'UK', '1997-12-08'),
    ('charlotte.bell28@example.com', 'Charlotte', NULL, 'Bell', 'Miss', '+44', '7123456808', '123 Pine Avenue', 'Flat 7B', 'Birmingham', 'B2 3YX', 'UK', '2001-04-24'),
    ('james.martinez29@example.com', 'James', 'N.', 'Martinez', 'Mr', '+44', '7123456809', '567 Oak Road', 'Unit 3', 'Glasgow', 'G3 6EH', 'UK', '1998-10-01'),
    ('harper.johnson30@example.com', 'Harper', NULL, 'Johnson', 'Miss', '+44', '7123456810', '432 Birch Road', 'Flat 8A', 'London', 'N1 7PJ', 'UK', '2000-03-14'),
    ('benjamin.clarke31@example.com', 'Benjamin', 'O.', 'Clarke', 'Mr', '+44', '7123456811', '234 Maple Avenue', 'Block 9', 'Bristol', 'BS5 6UX', 'UK', '1997-09-27'),
    ('grace.harris32@example.com', 'Grace', NULL, 'Harris', 'Miss', '+44', '7123456812', '876 Birch Avenue', NULL, 'Cardiff', 'CF4 7QA', 'UK', '2001-02-22'),
    ('zachary.lee33@example.com', 'Zachary', 'P.', 'Lee', 'Mr', '+44', '7123456813', '123 Willow Street', 'Suite 10', 'Leeds', 'LS4 3BG', 'UK', '2002-01-03'),
    ('scarlett.green34@example.com', 'Scarlett', NULL, 'Green', 'Ms', '+44', '7123456814', '654 Pine Road', NULL, 'Southampton', 'SO16 5LR', 'UK', '1999-11-25'),
    ('ryan.taylor35@example.com', 'Ryan', 'Q.', 'Taylor', 'Mr', '+44', '7123456815', '789 Oak Street', 'Unit 2', 'London', 'E2 5BQ', 'UK', '2000-07-21'),
    ('arabella.king36@example.com', 'Arabella', NULL, 'King', 'Miss', '+44', '7123456816', '432 Cedar Avenue', 'Flat 4B', 'Bristol', 'BS6 8WQ', 'UK', '1997-12-19'),
    ('luca.miller37@example.com', 'Luca', 'R.', 'Miller', 'Mr', '+44', '7123456817', '123 Birch Boulevard', 'Block 5', 'Glasgow', 'G4 2ZA', 'UK', '1998-09-10'),
    ('grace.bennett38@example.com', 'Grace', NULL, 'Bennett', 'Miss', '+44', '7123456818', '654 Oak Avenue', 'Flat 9', 'Nottingham', 'NG4 7XT', 'UK', '1999-05-06'),
    ('maximus.scott39@example.com', 'Maximus', 'S.', 'Scott', 'Mr', '+44', '7123456819', '987 Cedar Road', NULL, 'Manchester', 'M4 9LD', 'UK', '2001-03-03'),
    ('lucia.morris40@example.com', 'Lucia', NULL, 'Morris', 'Ms', '+44', '7123456820', '321 Birch Boulevard', 'Unit 8A', 'Leeds', 'LS5 4PT', 'UK', '1998-02-18'),
    ('theo.robinson41@example.com', 'Theo', 'T.', 'Robinson', 'Mr', '+44', '7123456821', '876 Maple Avenue', 'Flat 7', 'Southampton', 'SO17 2RU', 'UK', '2002-12-01'),
    ('eliza.cameron42@example.com', 'Eliza', 'V.', 'Cameron', 'Ms', '+44', '7123456822', '234 Cedar Crescent', 'Block 2A', 'London', 'W1B 1AB', 'UK', '2000-02-09');

INSERT INTO emergency_contact(student_id, student_emergency_contact_first_name, student_emergency_contact_last_name, student_emergency_contact_relationship, student_emergency_phone_country_code, student_emergency_contact_number,student_emergency_contact_alt_number, student_emergency_contact_email, student_emergency_other_details, emergency_shares_student_address)
VALUES
    (1, 'Elfie', 'Loalday', 'Auntie', '+44', '436-675-1224', null, 'eloalday0@dmoz.org', 'Lorem ipsum dolor sit amet, consectetur adipiscing elit.', false),
    (2, 'Mendel', 'Betke', 'Mother', '+1', '415-328-5717', null, 'mbetke1@spotify.com', 'Cras consequat diam suscipit eleifend laoreet.', true),
    (3, 'Filippo', 'Scaysbrook', 'Father',  '+484', '422-814-1032', null, 'fscaysbrook2@aboutads.info', 'Nulla vel faucibus enim, in malesuada velit', true),
    (4, 'Arlette', 'Linzee', 'Auntie', '+498', '575-504-4089', null, 'alinzee3@gnu.org', 'Fusce eget tellus eu urna tempus rutrum eu ut magna. ', false),
    (5, 'Karalee', 'Peschmann', 'Mother', '+160', '240-512-8612', null, 'kpeschmann4@domainmarket.com', 'Nullam nec elit neque. Vivamus at velit est.', true),
    (6, 'Merci', 'Vassie', 'Grandma', '+404', '840-199-9734', null, 'mvassie5@flavors.me', 'Suspendisse potenti. Nulla commodo facilisis condimentum. Fusce mauris felis, volutpat at metus et, interdum tincidunt risus. Fusce non rhoncus libero.', true),
    (7, 'Friedrick', 'Daville', 'Uncle', '+238', '996-198-5614', null, 'fdaville6@printfriendly.com', 'Nulla at elit ac libero vehicula faucibus non id est', false),
    (8, 'Edan', 'Riordan', 'Uncle', '+598', '386-940-6060', null, 'eoriordan7@shop-pro.jp', 'Ut sed massa leo.', false),
    (9, 'Rodd', 'Sizey', 'Brother', '+255', '322-742-7069', null, 'rsizey8@fc2.com', 'In quis malesuada ligula, eu rutrum elit. ', false),
    (10, 'Bart', 'Zanicchelli', 'Brother', '+499', '239-106-4592', null, 'bzanicchelli9@sitemeter.com', 'Aenean eu erat leo.', false),
    (11, 'Alf', 'Farrah', 'Father', '+876', '331-189-2747', null, 'afarraha@ed.gov', 'Curabitur viverra vulputate semper.', false),
    (12, 'Dreddy', 'Germon', 'Carer', '+655', '623-146-8571', null, 'dgermonb@europa.eu', 'Proin varius condimentum augue sed dignissim. ', false),
    (13, 'Lita', 'Renfree', 'Mother', '+683', '802-477-7959', null, 'lrenfreec@behance.net', 'Quisque eros lorem, porttitor et lorem mollis, convallis volutpat orci.', true),
    (14, 'Gawen', 'DeMicoli', 'Father', '+123', '794-965-0291', null, 'gdemicolid@spiegel.de', 'Donec eget lectus ornare, ornare nisl et, dapibus lectus.', true),
    (15, 'Darnall', 'Lyddyard', 'Father', '+871', '505-230-8115', null, 'dlyddyarde@ycombinator.com', 'Proin vitae ipsum sed ante feugiat pellentesque vitae sed mauris.', true),
    (16, 'Logan', 'Mapletoft', 'Father', '+251', '185-511-7290', null, 'lmapletoftf@dropbox.com', 'Nulla eu ex vestibulum, gravida sem non, gravida diam. ', false),
    (17, 'Ruggiero', 'Sheepy', 'Father', '+491', '227-828-9121', null, 'rsheepyg@time.com', 'Pellentesque eget rhoncus libero.', false),
    (18, 'Monica', 'Bryan', 'Mother', '+753', '622-270-2855', null, 'mbryanh@whitehouse.gov', 'Cras feugiat nisl mauris. Lorem ipsum dolor sit amet, consectetur adipiscing elit.', false),
    (19, 'Chrisse', 'MacCall', 'Auntie', '+900', '637-783-1613', null, 'cmaccalli@vistaprint.com', 'Praesent vestibulum, lectus in auctor consectetur, arcu velit auctor risus, eu tempor ipsum lectus quis nibh.', false),
    (20, 'Saloma', 'Pierucci', 'Sister', '+857', '915-890-0327', null, 'spieruccij@linkedin.com', 'Cras finibus aliquam mi, vestibulum dapibus sapien tincidunt ac.', false),
    (21, 'Averil', 'Longmore', 'Brothe', '+619', '131-803-6062', null, 'alongmorek@zimbio.com', 'Phasellus risus nisi, euismod sed condimentum nec, tincidunt at risus.', true),
    (22, 'Emmet', 'Farrent', 'Mother', '+493', '861-119-4978', null, 'efarrentl@csmonitor.com', 'Cras ullamcorper lacinia mauris vel tincidunt. Aliquam molestie quam in nisl accumsan, a pellentesque ipsum vulputate.', true),
    (23, 'Stephana', 'Turk', 'Mother', '+182', '321-375-0936', null, 'sturkm@upenn.edu', 'Suspendisse lacinia bibendum mi, sit amet sodales velit auctor vel. Nulla metus purus, aliquet nec urna at, posuere efficitur nibh.', false),
    (24, 'Geoff', 'Stamps', 'Father', '+581', '353-365-7774', null, 'gstampsn@amazon.com', 'Pellentesque lacinia nibh et varius ullamcorper.', false),
    (25, 'Dan', 'Smewing', 'Father', '+357', '377-883-5350', null, 'dsmewingo@spotify.com', 'Suspendisse porttitor at sapien et egestas.', true),
    (26, 'Trevor', 'Gladdis', 'Father', '+283', '992-534-5871', null, 'tgladdisp@msu.edu', 'Sed elementum bibendum ipsum.', false),
    (27, 'Rodolphe', 'Bagnell', 'Father', '+984', '602-935-9897', null, 'rbagnellq@intel.com', 'Proin lacus arcu, mattis sit amet dignissim vestibulum, posuere et elit. ', false),
    (28, 'Claudian', 'Avrahamov', 'Mother', '+424', '774-202-4186', null, 'cavrahamovr@cbslocal.com', 'Mauris nisi mi, dignissim in porttitor sit amet, iaculis volutpat nibh. Fusce aliquam, ligula id faucibus varius, mauris nisl convallis purus, non porttitor eros tellus vitae est.', false),
    (29, 'Donelle', 'Barwise', 'Father', '+646', '127-403-4756', null, 'dbarwises@vk.com', 'Pellentesque ut lobortis libero.', true),
    (30, 'Salvidor', 'Spridgen', 'Father', '+227', '342-813-3543', null, 'sspridgent@redcross.org', 'Donec ex ligula, hendrerit ac odio vel, condimentum fermentum dui.', false),
    (31, 'Haley', 'Huertas', 'Sister', '+231', '140-588-6102', null, 'hhuertasu@spotify.com', 'Praesent in orci augue.', true);

INSERT INTO health_condition (health_condition_name, health_condition_notes)
VALUES
    ('Asthma', 'Chronic respiratory condition requiring inhalers'),
    ('Diabetes', 'Metabolic disease requiring insulin management'),
    ('Epilepsy', 'Neurological disorder with recurring seizures'),
    ('Anxiety', 'Mental health condition causing excessive worry'),
    ('Autism Spectrum Disorder', null),
    ('Depression', 'Mood disorder with persistent feelings of sadness'),
    ('ADHD', 'Attention Deficit Hyperactivity Disorder'),
    ('Dyslexia', 'Learning disorder affecting reading and writing'),
    ('Partial Blindness', null),
    ('Post-Traumatic Stress Disorder', null),
    ('Allergies', 'Reactions to substances like pollen or nuts'),
    ('Discalculia', null),
    ('Migraines', 'Severe headaches often accompanied by nausea'),
    ('Arthritis', 'Inflammation of joints causing pain and stiffness'),
    ('Auditory Processing Disorder', null);

INSERT INTO student_health_condition (student_id, health_condition_id, severity, student_health_notes)
VALUES
    (1,3,5,'Mauris nisi mi, dignissim in porttitor sit amet, iaculis volutpat nibh.'),
    (4,3,5,'Fusce aliquam, ligula id faucibus varius,'),
    (7,7,2,'Nullam tempus elit euismod, '),
    (8,2,5,'Fusce quis est quis risus convallis egestas et nec orci.'),
    (9,1,1,'Praesent lorem nunc, gravida nec lacinia at, eleifend nec sem.'),
    (12,1,2,'Donec eget dignissim libero.'),
    (22,12,4,'Nunc semper ante quis dui placerat, et rhoncus eros mattis.'),
    (13,10,3,'Pellentesque ut lobortis libero.'),
    (15,2,4,'Sed risus neque, tempor ultricies justo in, fringilla vehicula augue. Integer pretium ligula ac sapien placerat luctus.'),
    (18,7,5,'Donec sit amet turpis vel turpis tempor egestas.'),
    (20,1,1,'Curabitur eleifend quam eu purus volutpat congue.'),
    (21,1,1,'Etiam nec augue felis. In ultrices tellus et elementum vestibulum.'),
    (21,2,4,'finibus sit amet efficitur vel, mattis molestie ex.'),
    (23,6,5,'Quisque ac neque rutrum, cursus dolor non, aliquam tellus.'),
    (23,1,3,'Quisque ac neque rutrum, cursus dolor non, aliquam tellus.'),
    (29,10,2,'Fusce eget nulla auctor, fringilla erat ut, ullamcorper neque.');

INSERT INTO evaluation_session (tutor_id, student_id, session_datetime, room_id, session_notes, is_online)
VALUES
    (18, 29, '2024-05-03 11:40:00', 15, null, false),
    (16, 5, '2021-02-24 15:40:00', 3, null, false),
    (41, 21, '2021-01-31 14:00:00', 16, 'vel lectus in quam fringilla rhoncus mauris enim leo rhoncus sed vestibulum sit amet cursus id turpis integer aliquet massa id lobortis convallis tortor risus dapibus augue vel accumsan tellus nisi eu orci mauris', false),
    (42, 25, '2023-11-28 12:20:00', 3, null, false),
    (38, 3, '2022-09-04 11:20:00', null, 'mi integer ac neque duis bibendum morbi non quam nec dui luctus rutrum nulla tellus in sagittis dui vel nisl duis ac nibh fusce lacus purus aliquet at feugiat non pretium quis lectus suspendisse potenti in eleifend quam a', true),
    (36, 10, '2021-09-20 8:00:00', null, null, true),
    (27, 12, '2024-02-04 12:30:00', 20, null, false),
    (32, 7, '2023-04-19 8:40:00', null, null, true),
    (41, 21, '2022-01-20 17:50:00', 2, 'lectus pellentesque at nulla suspendisse potenti cras in purus eu magna vulputate luctus cum sociis natoque penatibus et magnis dis parturient montes nascetur ridiculus mus vivamus vestibulum sagittis sapien cum sociis natoque penatibus et magnis dis parturient', false),
    (14, 5, '2021-05-29 16:20:00', null, null, true),
    (14, 19, '2024-11-07 16:00:00', null, null, true),
    (11, 4, '2021-03-03 16:50:00', null, 'justo pellentesque viverra pede ac diam cras pellentesque volutpat dui maecenas tristique est et tempus semper est quam pharetra magna ac consequat metus sapien ut nunc vestibulum ante ipsum primis in faucibus orci luctus et ultrices posuere cubilia curae mauris viverra diam vitae quam suspendisse potenti nullam porttitor lacus at', true),
    (28, 19, '2021-04-25 13:40:00', 6, null, false),
    (10, 12, '2022-07-05 9:10:00', null, 'vitae quam suspendisse potenti nullam porttitor lacus at turpis donec posuere metus vitae ipsum aliquam non mauris morbi non lectus aliquam sit amet diam in magna bibendum imperdiet', true),
    (23, 16, '2022-10-10 11:10:00', null, null, true),
    (42, 31, '2023-01-31 13:20:00', null, 'magnis dis parturient montes nascetur ridiculus mus etiam vel augue vestibulum rutrum rutrum neque aenean auctor gravida sem praesent id massa id nisl venenatis lacinia aenean sit amet justo', true),
    (37, 11, '2021-09-03 15:50:00', null, 'vestibulum ante ipsum primis in faucibus orci luctus et ultrices posuere cubilia curae nulla dapibus dolor vel est donec odio', true),
    (21, 11, '2024-01-22 10:30:00', null, null, true),
    (12, 1, '2022-05-18 10:30:00', 8, 'lacus purus aliquet at feugiat non pretium quis lectus suspendisse potenti in eleifend quam a odio in hac habitasse platea dictumst maecenas ut massa quis augue luctus tincidunt nulla mollis molestie lorem quisque ut', false),
    (32, 2, '2021-07-04 13:20:00', 15, null, false),
    (31, 31, '2021-04-29 17:20:00', 3, null, false),
    (49, 3, '2024-11-12 11:20:00', 9, 'dui proin leo odio porttitor id consequat in consequat ut nulla sed accumsan felis ut at dolor quis odio consequat varius integer ac leo pellentesque ultrices mattis odio donec vitae nisi nam ultrices libero non mattis pulvinar nulla pede ullamcorper augue a suscipit nulla elit ac nulla sed vel enim', false),
    (18, 21, '2023-04-23 10:00:00', 3, 'primis in faucibus orci luctus et ultrices posuere cubilia curae duis faucibus accumsan odio curabitur convallis duis consequat dui nec nisi volutpat eleifend donec ut dolor morbi vel lectus in quam fringilla rhoncus mauris enim leo', false),
    (34, 12, '2024-03-20 17:20:00', 8, null, false),
    (38, 24, '2022-05-09 14:00:00', null, null, true),
    (46, 26, '2024-02-12 12:50:00', null, 'convallis morbi odio odio elementum eu interdum eu tincidunt in leo maecenas pulvinar lobortis est phasellus sit amet erat nulla tempus vivamus in felis eu sapien cursus vestibulum proin eu mi nulla ac enim in tempor turpis nec euismod scelerisque quam turpis adipiscing lorem vitae mattis nibh ligula nec', true),
    (38, 30, '2022-06-23 12:30:00', 16, null, false),
    (20, 19, '2022-08-27 14:30:00', null, null, true),
    (33, 16, '2021-06-21 14:30:00', 19, null, false),
    (40, 28, '2022-06-03 8:00:00', null, null, true),
    (48, 17, '2023-10-18 13:20:00', null, 'vel nulla eget eros elementum pellentesque quisque porta volutpat erat quisque erat eros viverra eget congue eget semper rutrum nulla nunc purus phasellus in felis donec semper sapien a libero nam dui proin', true),
    (47, 24, '2022-03-12 15:30:00', null, 'posuere cubilia curae duis faucibus accumsan odio curabitur convallis duis consequat dui nec nisi volutpat eleifend donec ut dolor morbi vel lectus in quam fringilla rhoncus mauris enim leo rhoncus sed vestibulum sit amet cursus id turpis integer aliquet massa id lobortis convallis', true),
    (46, 19, '2023-01-07 13:50:00', null, 'tincidunt nulla mollis molestie lorem quisque ut erat curabitur gravida nisi at nibh in hac habitasse platea dictumst aliquam augue quam sollicitudin vitae consectetuer eget rutrum at lorem integer tincidunt ante vel ipsum praesent blandit lacinia erat vestibulum sed magna at nunc commodo placerat praesent blandit nam', true),
    (37, 13, '2021-11-02 9:10:00', null, 'aenean auctor gravida sem praesent id massa id nisl venenatis lacinia aenean sit amet justo morbi ut odio cras mi', true),
    (6, 6, '2021-01-26 15:50:00', null, null, true),
    (50, 32, '2022-09-27 9:00:00', null, null, true),
    (7, 24, '2023-03-26 10:50:00', 8, 'vestibulum ac est lacinia nisi venenatis tristique fusce congue diam id ornare imperdiet sapien urna pretium nisl ut volutpat sapien arcu sed augue aliquam erat volutpat in congue etiam justo etiam pretium iaculis justo in hac habitasse', false),
    (18, 1, '2022-11-12 11:00:00', null, 'vel accumsan tellus nisi eu orci mauris lacinia sapien quis libero nullam sit amet turpis elementum ligula vehicula consequat morbi a ipsum integer a nibh in quis justo maecenas rhoncus aliquam lacus morbi quis tortor id nulla ultrices aliquet maecenas leo odio condimentum', true),
    (14, 12, '2021-08-29 11:20:00', null, null, true),
    (12, 13, '2021-01-29 10:00:00', null, null, true),
    (4, 14, '2023-07-10 15:20:00', null, 'volutpat eleifend donec ut dolor morbi vel lectus in quam fringilla rhoncus mauris enim leo rhoncus sed vestibulum sit amet cursus id turpis integer aliquet massa id lobortis convallis tortor', true),
    (15, 1, '2023-07-25 8:40:00', null, null, true),
    (15, 2, '2024-05-30 15:30:00', 10, null, false),
    (2, 21, '2021-09-15 17:10:00', 5, null, false),
    (9, 15, '2022-06-24 17:00:00', null, 'massa donec dapibus duis at velit eu est congue elementum in hac habitasse platea dictumst morbi vestibulum velit id pretium iaculis diam erat fermentum justo nec condimentum neque sapien placerat ante nulla justo aliquam quis turpis eget', true),
    (10, 9, '2021-07-11 15:10:00', null, 'vel est donec odio justo sollicitudin ut suscipit a feugiat et eros vestibulum ac est lacinia nisi venenatis tristique fusce congue diam id ornare imperdiet sapien urna pretium nisl', true),
    (7, 5, '2022-05-06 8:00:00', 10, null, false),
    (15, 6, '2023-04-15 9:10:00', null, null, true),
    (24, 28, '2024-06-05 15:50:00', null, null, true),
    (37, 8, '2023-06-05 9:00:00', null, 'curae nulla dapibus dolor vel est donec odio justo sollicitudin ut suscipit a feugiat et eros vestibulum ac est lacinia nisi venenatis tristique fusce congue diam id ornare imperdiet sapien urna pretium nisl ut volutpat sapien arcu sed augue aliquam erat volutpat in congue etiam', true),
    (7, 30, '2024-10-05 16:30:00', 9, 'hac habitasse platea dictumst aliquam augue quam sollicitudin vitae consectetuer eget rutrum at lorem integer tincidunt ante vel ipsum praesent', false),
    (19, 6, '2022-06-16 11:10:00', null, 'erat nulla tempus vivamus in felis eu sapien cursus vestibulum proin eu mi nulla ac enim in tempor turpis nec euismod scelerisque quam turpis adipiscing lorem vitae mattis nibh ligula nec sem duis aliquam convallis nunc proin at turpis a pede posuere nonummy integer non velit donec diam neque vestibulum', true),
    (39, 6, '2021-10-24 15:10:00', null, null, true),
    (7, 26, '2023-01-15 9:50:00', 13, 'consequat morbi a ipsum integer a nibh in quis justo maecenas rhoncus aliquam lacus morbi quis tortor id nulla ultrices aliquet maecenas', false),
    (22, 10, '2022-08-05 12:10:00', null, null, true),
    (44, 23, '2023-09-28 15:30:00', 1, 'nulla sed vel enim sit amet nunc viverra dapibus nulla suscipit ligula in lacus curabitur at ipsum ac tellus semper interdum mauris ullamcorper purus sit amet nulla quisque arcu libero rutrum ac lobortis vel dapibus at diam', false), 
    (7, 8, '2024-04-17 16:30:00', null, null, true),
    (33, 9, '2024-05-02 17:10:00', 9, 'justo in blandit ultrices enim lorem ipsum dolor sit amet consectetuer adipiscing elit proin interdum mauris non ligula pellentesque ultrices phasellus id sapien in sapien iaculis congue vivamus metus arcu adipiscing molestie hendrerit at vulputate vitae nisl', false);

INSERT INTO assignment (assignment_id, staff_id, subject_id, set_date, due_date, assignment_description, is_assignment_assessed, assignment_weight)
VALUES
    (1,1,1,'2024-11-26 13:00:00','2024-11-26 14:00:00','Sed ac lobortis metus.',true,90),
    (2,2,43,'2024-11-26 13:00:00','2024-11-26 14:00:00','In ut posuere mauris, non consectetur sem.',true,30),
    (3,2,22,'2024-11-27 13:00:00','2024-11-30 13:00:00','Sed sed volutpat leo.',false,NULL),
    (4,4,33,'2024-11-28 13:00:00','2024-11-30 13:00:00','Curabitur tristique, nunc ut porttitor ultricies, leo augue rutrum enim, eu convallis sapien purus eget nisi.',false,NULL),
    (5,7,31,'2024-11-28 13:45:00','2024-11-30 13:00:00','Donec sed auctor ex, consectetur tempus magna.',false,NULL),
    (6,9,32,'2024-11-28 13:45:00','2024-11-30 13:00:00','Ut pharetra ligula leo, non ullamcorper orci blandit eu.',false,NULL),
    (7,22,32,'2024-11-28 13:45:00','2024-11-30 13:00:00','Suspendisse pharetra, est ut pellentesque iaculis, massa metus ullamcorper nibh, et efficitur lectus tellus at ipsum.',false,NULL),
    (8,11,20,'2024-11-28 13:45:00','2024-11-30 13:00:00','Nam vel ornare dui, ac lacinia dolor.',true,33.33),
    (9,40,1,'2024-11-28 14:45:00','2024-11-30 13:00:00','Nam ut nulla consectetur justo auctor fermentum id eget diam.',true,70),
    (10,27,2,'2024-11-29 14:45:00','2024-12-01 16:00:00','Integer varius vestibulum mi vitae scelerisque.',true,12.5),
    (11,23,4,'2024-11-29 15:45:00','2024-12-01 16:00:00','Nunc maximus dignissim odio nec iaculis.',false,NULL),
    (12,22,7,'2024-11-29 17:45:00','2024-12-05 16:00:00','Phasellus gravida ultricies dui, ac consequat erat consectetur nec.',false,NULL),
    (13,20,8,'2024-11-29 17:45:00','2024-12-05 16:00:00','Ut eget justo erat',false,NULL),
    (14,33,9,'2024-11-29 17:45:00','2024-12-07 16:00:00',' In nisl elit,',true,12.5),
    (15,44,11,'2024-11-29 17:45:00','2024-12-11 18:00:00','consequat ac vehicula quis, volutpat vitae urna.',true,12.5),
    (16,36,12,'2024-11-30 18:00:00','2024-12-12 13:00:00',' Vivamus consequat semper faucibus. Vivamus fermentum dui luctus neque tempus convallis.',true,60),
    (17,12,15,'2024-11-30 13:00:00','2024-12-14 13:00:00',' Nam posuere dignissim nibh',true,10),
    (18,11,17,'2024-12-02 13:00:00','2024-12-15 13:00:00','Suspendisse eu tincidunt metus, sit amet pharetra neque.',false,NULL),
    (19,9,19,'2024-12-02 13:00:00','2024-12-15 13:00:00','Suspendisse eu tincidunt metus, sit amet pharetra neque.',false,NULL),
    (20,8,19,'2024-12-04 13:30:00','2024-12-17 13:00:00','Fusce eu tincidunt nibh.',true,62.5);
    
INSERT INTO student_assignment (student_id, assignment_id, submission_datetime, assignment_percentage)
VALUES
    (1, 1, '2024-09-12 23:01:57', 68.24),
    (1, 1, '2024-11-17 16:04:37', 74.36),
    (1, 1, '2024-09-12 00:15:00', 49.0),
    (1, 1, '2024-12-01 03:33:06', 21.68),
    (1, 2, '2024-09-04 07:04:35', 45.66),
    (1, 2, '2024-12-06 03:23:10', 48.92),
    (1, 2, '2024-12-17 16:12:12', 48.35),
    (1, 2, '2024-11-07 12:21:34', 36.71),
    (1, 3, '2024-11-17 18:13:06', 85.56),
    (1, 4, '2024-10-14 15:17:04', null),
    (1, 4, '2024-09-04 20:53:23', 27.95),
    (1, 4, '2024-11-13 10:58:28', 19.25),
    (1, 5, '2024-12-15 18:53:08', 90.02),
    (1, 7, '2024-09-21 12:28:55', 36.87),
    (1, 7, '2024-10-01 10:54:13', 84.01),
    (1, 7, '2024-11-30 18:17:33', 54.49),
    (1, 7, '2024-11-16 00:48:16', 8.93),
    (1, 8, '2024-11-22 06:55:46', 24.77),
    (1, 8, '2024-09-29 14:27:10', null),
    (1, 8, '2024-12-17 18:23:47', 17.83),
    (1, 8, '2024-09-08 04:27:41', 86.21),
    (1, 9, '2024-09-12 08:22:38', 15.0),
    (1, 10, '2024-09-28 09:13:27', 4.5),
    (1, 10, '2024-11-27 23:19:51', 24.73),
    (1, 10, '2024-10-25 00:43:44', 85.85),
    (1, 11, '2024-12-20 06:24:49', 59.36),
    (1, 11, '2024-11-29 14:49:25', 74.34),
    (1, 11, '2024-10-17 03:27:08', 28.89),
    (1, 11, '2024-09-25 20:59:27', 5.62),
    (1, 13, '2024-11-20 15:13:23', 91.02),
    (1, 13, '2024-12-30 12:37:42', 32.51),
    (1, 13, '2024-09-07 20:06:00', 26.3),
    (1, 15, '2024-12-07 03:22:19', 99.24),
    (1, 16, '2024-09-02 07:50:51', null),
    (1, 16, '2024-10-02 23:37:34', 42.0),
    (1, 16, '2024-11-05 23:12:22', 96.07),
    (1, 16, '2024-11-05 21:33:29', 4.23),
    (1, 17, '2024-10-04 21:54:04', 63.57),
    (1, 17, '2024-12-25 18:30:26', 14.89),
    (1, 18, '2024-11-22 09:03:53', 12.93),
    (1, 18, '2024-10-25 18:14:04', 28.07),
    (1, 19, '2024-12-10 19:58:08', 61.72),
    (1, 20, '2024-09-23 14:18:34', 82.0),
    (2, 1, '2024-12-03 06:01:58', 89.42),
    (2, 2, '2024-12-14 04:23:32', 49.22),
    (2, 4, '2024-12-17 03:55:13', 89.32),
    (2, 5, '2024-10-14 14:54:31', 13.79),
    (2, 5, '2024-09-24 14:20:40', 11.52),
    (2, 6, '2024-12-27 09:33:16', 55.54),
    (2, 7, '2024-10-28 08:40:29', 51.08),
    (2, 8, '2024-12-22 13:15:18', 57.79),
    (2, 8, '2024-12-17 04:54:00', 14.74),
    (2, 8, '2024-10-09 06:11:54', 18.21),
    (2, 9, '2024-09-30 08:30:27', null),
    (2, 11, '2024-12-13 04:55:25', 15.83),
    (2, 11, '2024-10-23 01:49:16', 91.71),
    (2, 11, '2024-11-07 07:57:52', 41.19),
    (2, 11, '2024-09-08 09:30:06', 12.33),
    (2, 12, '2024-11-10 08:33:23', 68.12),
    (2, 12, '2024-10-08 13:05:50', 54.3),
    (2, 12, '2024-11-05 18:21:19', 56.65),
    (2, 12, '2024-09-17 19:59:58', 77.2),
    (2, 13, '2024-12-19 06:05:14', 83.39),
    (2, 13, '2024-11-28 07:48:19', 19.4),
    (2, 15, '2024-10-28 20:35:06', 3.9),
    (2, 17, '2024-09-17 22:12:06', 83.61),
    (2, 17, '2024-12-27 16:12:28', 8.67),
    (2, 17, '2024-12-12 19:32:46', 89.11),
    (2, 17, '2024-12-25 16:02:15', 4.66),
    (2, 18, '2024-11-28 03:15:02', 28.44),
    (2, 18, '2024-11-29 04:24:11', 30.21),
    (2, 18, '2024-10-02 20:41:10', 38.49),
    (2, 18, '2024-10-22 07:36:47', 0.9),
    (2, 19, '2024-10-26 05:01:32', 50.96),
    (2, 19, '2024-09-21 05:16:08', 41.99),
    (2, 19, '2024-10-02 12:03:35', 25.24),
    (3, 2, '2024-11-23 14:05:41', 55.15),
    (3, 3, '2024-09-08 06:10:58', 33.47),
    (3, 3, '2024-09-23 05:35:42', 75.67),
    (3, 3, '2024-12-20 23:19:14', 42.9),
    (3, 4, '2024-10-29 20:12:57', 42.69),
    (3, 4, '2024-12-01 20:56:38', 72.78),
    (3, 4, '2024-10-23 21:32:04', 24.28),
    (3, 4, '2024-12-10 22:08:22', 13.91),
    (3, 5, '2024-11-26 17:26:31', 1.01),
    (3, 5, '2024-09-30 12:17:23', 27.06),
    (3, 5, '2024-10-21 09:52:36', 84.21),
    (3, 6, '2024-12-19 05:06:42', 90.14),
    (3, 6, '2024-10-01 13:21:45', 53.26),
    (3, 6, '2024-12-14 15:01:57', 37.32),
    (3, 6, '2024-10-04 12:28:33', 87.37),
    (3, 7, '2024-12-07 15:32:14', null),
    (3, 7, '2024-12-04 13:34:40', 45.74),
    (3, 8, '2024-11-07 14:42:19', 66.36),
    (3, 8, '2024-11-26 22:17:03', 46.56),
    (3, 8, '2024-10-26 18:36:06', null),
    (3, 9, '2024-12-24 20:25:44', 98.42),
    (3, 12, '2024-09-18 06:22:26', 74.52),
    (3, 12, '2024-11-17 05:38:27', 86.56),
    (3, 12, '2024-11-26 10:51:32', 26.73),
    (3, 12, '2024-12-20 13:38:56', 8.94),
    (3, 14, '2024-10-09 20:48:58', 56.08),
    (3, 14, '2024-12-01 06:38:41', 14.34),
    (3, 14, '2024-10-02 23:01:25', 70.62),
    (3, 14, '2024-09-06 17:39:55', 41.73),
    (3, 15, '2024-11-12 08:09:41', 9.1),
    (3, 15, '2024-09-23 03:27:13', 85.99),
    (3, 16, '2024-10-28 15:47:05', 44.42),
    (3, 16, '2024-11-08 23:48:06', 64.66),
    (3, 16, '2024-12-02 05:05:11', 89.23),
    (3, 16, '2024-10-20 08:57:45', 63.99),
    (3, 17, '2024-10-07 10:12:16', 94.33),
    (3, 17, '2024-11-17 15:46:15', 84.07),
    (3, 17, '2024-09-14 15:09:17', 5.86),
    (3, 18, '2024-12-19 12:55:41', 61.7),
    (3, 18, '2024-11-23 11:20:01', 66.71),
    (3, 18, '2024-12-04 16:53:32', 25.59),
    (3, 19, '2024-11-29 03:27:58', 17.22),
    (3, 19, '2024-11-22 14:12:43', 93.8),
    (3, 20, '2024-09-30 06:33:02', 95.36),
    (3, 20, '2024-10-23 22:26:42', 39.37),
    (3, 20, '2024-10-22 17:24:26', 54.35),
    (4, 1, '2024-10-05 17:57:20', 89.69),
    (4, 1, '2024-09-26 00:08:36', 18.1),
    (4, 3, '2024-12-29 14:50:40', 22.98),
    (4, 3, '2024-11-06 03:52:14', 73.44),
    (4, 4, '2024-10-21 20:12:42', 14.65),
    (4, 4, '2024-12-04 21:25:55', 90.57),
    (4, 6, '2024-09-21 06:55:59', 17.02),
    (4, 6, '2024-10-21 15:28:10', 58.79),
    (4, 6, '2024-12-05 00:11:42', 34.82),
    (4, 6, '2024-10-03 18:11:13', 11.77),
    (4, 7, '2024-10-10 16:04:55', 93.47),
    (4, 7, '2024-09-07 12:06:33', 8.45),
    (4, 7, '2024-09-07 12:44:22', 23.63),
    (4, 7, '2024-12-06 05:47:55', 62.28),
    (4, 8, '2024-09-29 06:27:35', 0.5),
    (4, 8, '2024-12-06 09:34:11', 9.94),
    (4, 9, '2024-12-11 06:01:53', 83.06),
    (4, 11, '2024-09-14 08:23:26', 52.06),
    (4, 11, '2024-09-29 21:26:35', 62.75),
    (4, 11, '2024-12-24 08:59:01', 14.37),
    (4, 12, '2024-11-23 20:05:08', 25.32),
    (4, 12, '2024-11-25 08:40:27', 20.79),
    (4, 12, '2024-11-11 02:34:32', 1.95),
    (4, 12, '2024-11-08 03:50:31', 99.36),
    (4, 13, '2024-12-16 05:43:07', 18.12),
    (4, 15, '2024-12-30 13:38:57', 8.45),
    (4, 15, '2024-10-11 02:08:22', 66.78),
    (4, 15, '2024-10-11 11:03:01', 5.84),
    (4, 16, '2024-11-12 15:09:40', 30.37),
    (4, 16, '2024-10-06 01:45:14', 85.48),
    (4, 16, '2024-09-21 01:19:54', 38.17),
    (4, 16, '2024-09-20 00:51:21', 51.17),
    (4, 18, '2024-09-22 23:25:47', 6.62),
    (4, 18, '2024-09-02 18:48:36', 46.16),
    (4, 18, '2024-12-28 17:55:28', 3.83),
    (4, 18, '2024-10-03 00:40:55', 88.71),
    (4, 19, '2024-09-27 02:15:43', 31.85),
    (4, 19, '2024-10-09 20:25:08', 45.29),
    (4, 19, '2024-12-27 09:10:57', 38.27),
    (4, 19, '2024-10-07 06:57:57', 64.92),
    (4, 20, '2024-11-29 14:30:02', 3.99),
    (4, 20, '2024-11-03 05:18:17', 36.97),
    (5, 2, '2024-09-04 03:23:42', 60.38),
    (5, 2, '2024-09-11 02:23:06', 11.93),
    (5, 3, '2024-12-29 01:19:09', 31.64),
    (5, 3, '2024-12-02 00:31:00', 9.39),
    (5, 3, '2024-12-01 14:33:46', 97.65),
    (5, 5, '2024-12-15 23:20:28', 32.41),
    (5, 6, '2024-12-23 08:51:03', 55.32),
    (5, 6, '2024-11-29 16:48:37', 20.62),
    (5, 6, '2024-12-30 06:17:41', 71.85),
    (5, 6, '2024-12-19 21:58:46', 89.48),
    (5, 7, '2024-09-07 17:29:28', 68.31),
    (5, 8, '2024-11-09 11:08:08', null),
    (5, 9, '2024-09-23 12:31:09', 53.82),
    (5, 9, '2024-10-15 23:09:11', 88.94),
    (5, 9, '2024-09-02 13:35:10', 12.32),
    (5, 9, '2024-12-28 13:35:14', 86.81),
    (5, 10, '2024-11-18 12:31:09', 79.89),
    (5, 10, '2024-10-27 12:46:06', 83.17),
    (5, 10, '2024-11-08 05:09:26', 54.72),
    (5, 10, '2024-09-10 16:32:30', 51.15),
    (5, 11, '2024-12-04 12:05:18', 84.34),
    (5, 11, '2024-10-27 23:36:20', 60.01),
    (5, 12, '2024-10-07 10:52:23', 27.33),
    (5, 12, '2024-11-29 19:28:49', 21.17),
    (5, 13, '2024-09-02 14:23:21', 69.76),
    (5, 13, '2024-11-22 19:43:34', 54.56),
    (5, 13, '2024-10-08 16:16:49', 84.25),
    (5, 14, '2024-11-03 14:17:50', 39.63),
    (5, 14, '2024-09-27 09:46:59', 20.21),
    (5, 14, '2024-11-10 00:28:17', 39.26),
    (5, 14, '2024-11-08 15:42:24', 24.86),
    (5, 15, '2024-11-24 15:16:16', 91.97),
    (5, 15, '2024-09-01 08:08:12', 82.02),
    (5, 16, '2024-09-24 23:10:23', 33.47),
    (5, 17, '2024-09-09 23:01:03', 22.95),
    (5, 17, '2024-10-26 13:03:31', 16.93),
    (5, 17, '2024-10-11 13:26:02', 10.6),
    (5, 17, '2024-12-03 08:31:25', 41.27),
    (5, 18, '2024-11-07 22:24:45', 53.16),
    (5, 18, '2024-11-12 15:00:04', 69.99),
    (5, 18, '2024-10-09 00:58:08', 43.34),
    (5, 19, '2024-09-30 00:12:09', 88.63),
    (5, 19, '2024-11-07 07:23:24', 5.36),
    (5, 19, '2024-11-17 11:31:29', 99.46),
    (5, 20, '2024-11-08 03:08:39', 11.57),
    (5, 20, '2024-12-07 17:19:30', 10.0),
    (6, 1, '2024-11-15 22:56:28', 79.05),
    (6, 3, '2024-11-04 15:09:36', 80.19),
    (6, 3, '2024-11-27 20:10:24', 22.93),
    (6, 3, '2024-09-04 08:53:47', 1.43),
    (6, 3, '2024-09-13 22:16:57', 94.08),
    (6, 4, '2024-11-27 06:36:27', 69.37),
    (6, 4, '2024-11-09 14:12:19', null),
    (6, 4, '2024-09-16 19:00:03', 3.79),
    (6, 6, '2024-12-26 10:57:25', 77.75),
    (6, 6, '2024-10-04 02:13:27', 38.1),
    (6, 6, '2024-12-01 23:57:25', 25.35),
    (6, 7, '2024-09-23 12:08:35', 41.6),
    (6, 7, '2024-12-25 22:48:41', 91.43),
    (6, 8, '2024-11-27 11:00:33', 1.72),
    (6, 8, '2024-12-14 13:55:42', 17.47),
    (6, 9, '2024-09-12 23:21:08', 37.75),
    (6, 10, '2024-11-17 06:11:02', 94.59),
    (6, 10, '2024-12-11 14:22:13', 36.85),
    (6, 10, '2024-12-27 09:04:00', 59.67),
    (6, 11, '2024-12-30 12:24:18', 96.95),
    (6, 11, '2024-12-28 06:45:56', 29.96),
    (6, 11, '2024-11-23 08:53:15', 47.91),
    (6, 12, '2024-10-04 11:22:31', 72.95),
    (6, 12, '2024-12-30 08:47:01', 64.8),
    (6, 13, '2024-11-19 00:02:01', 87.99),
    (6, 13, '2024-09-28 06:34:01', 74.7),
    (6, 14, '2024-11-10 13:14:44', 42.16),
    (6, 14, '2024-10-24 17:29:26', 16.61),
    (6, 14, '2024-12-31 04:24:26', 73.0),
    (6, 14, '2024-12-28 21:48:41', 20.42),
    (6, 15, '2024-11-22 09:18:08', 31.57),
    (6, 15, '2024-09-17 12:57:00', 6.28),
    (6, 15, '2024-10-11 08:15:03', 55.55),
    (6, 15, '2024-12-18 09:10:26', 89.75),
    (6, 16, '2024-10-01 11:57:41', 11.44),
    (6, 16, '2024-11-04 10:56:19', 72.09),
    (6, 17, '2024-10-22 06:35:19', 58.19),
    (6, 17, '2024-11-23 16:56:49', 76.88),
    (6, 18, '2024-09-08 02:21:48', 16.38),
    (6, 18, '2024-10-05 16:50:12', 53.72),
    (6, 18, '2024-09-07 02:51:20', 12.18),
    (6, 18, '2024-11-27 15:30:34', 43.13),
    (6, 20, '2024-12-10 01:39:37', 44.71),
    (6, 20, '2024-09-08 05:24:51', 42.13),
    (6, 20, '2024-09-19 11:40:21', 74.99),
    (6, 20, '2024-12-12 20:14:25', 89.45),
    (7, 1, '2024-11-11 14:14:08', 24.4),
    (7, 1, '2024-09-16 06:22:51', 30.73),
    (7, 1, '2024-10-06 10:00:47', 66.13),
    (7, 2, '2024-09-29 06:48:19', 15.03),
    (7, 2, '2024-10-12 04:41:00', 27.15),
    (7, 3, '2024-09-20 14:35:43', 79.56),
    (7, 3, '2024-10-20 19:45:41', 35.92),
    (7, 4, '2024-11-10 18:48:18', 44.35),
    (7, 4, '2024-10-10 03:31:35', 48.84),
    (7, 5, '2024-10-08 10:09:57', 45.93),
    (7, 5, '2024-12-22 22:49:51', 16.98),
    (7, 5, '2024-12-31 18:53:43', null),
    (7, 5, '2024-11-14 16:28:11', 1.26),
    (7, 6, '2024-09-30 06:45:15', 72.0),
    (7, 6, '2024-11-17 13:27:31', 16.95),
    (7, 6, '2024-12-14 05:13:00', 37.54),
    (7, 6, '2024-10-28 08:37:19', 76.49),
    (7, 7, '2024-09-17 01:48:28', 7.18),
    (7, 7, '2024-10-01 03:18:04', 3.26),
    (7, 8, '2024-11-15 09:02:51', 17.66),
    (7, 8, '2024-12-16 11:30:59', 44.85),
    (7, 8, '2024-09-05 19:23:44', 30.63),
    (7, 9, '2024-09-23 19:21:01', 16.79),
    (7, 9, '2024-10-16 21:20:11', 49.75),
    (7, 9, '2024-10-29 10:30:04', null),
    (7, 9, '2024-12-18 10:41:14', 94.9),
    (7, 10, '2024-09-12 16:05:14', 70.22),
    (7, 13, '2024-12-02 17:30:12', 30.34),
    (7, 13, '2024-10-21 14:00:46', 19.18),
    (7, 13, '2024-11-22 13:36:52', 83.5),
    (7, 14, '2024-10-18 01:37:51', 35.84),
    (7, 14, '2024-11-12 03:36:28', 31.34),
    (7, 14, '2024-09-12 20:33:19', 15.59),
    (7, 15, '2024-10-15 12:51:59', 68.47),
    (7, 16, '2024-12-29 19:33:36', 30.99),
    (7, 16, '2024-09-17 19:40:12', 69.48),
    (7, 16, '2024-11-30 13:11:16', 37.26),
    (7, 16, '2024-12-30 18:43:04', 53.77),
    (7, 17, '2024-12-04 23:56:08', 67.39),
    (7, 17, '2024-11-09 09:07:45', 76.2),
    (7, 19, '2024-09-03 17:52:20', 95.54),
    (7, 19, '2024-09-11 11:03:36', 31.62),
    (7, 19, '2024-09-17 14:45:47', 96.44),
    (7, 20, '2024-09-20 18:23:05', 6.44),
    (7, 20, '2024-10-17 15:53:59', 66.09),
    (8, 1, '2024-11-15 23:11:31', 42.43),
    (8, 1, '2024-10-25 08:48:38', 3.9),
    (8, 2, '2024-09-19 20:54:33', 19.43),
    (8, 3, '2024-10-28 13:04:56', 72.96),
    (8, 3, '2024-10-26 17:07:47', 11.25),
    (8, 3, '2024-11-30 11:33:03', 36.39),
    (8, 3, '2024-09-24 10:35:39', 60.33),
    (8, 4, '2024-12-04 00:31:39', 48.3),
    (8, 4, '2024-11-10 15:20:34', 28.74),
    (8, 4, '2024-10-26 15:52:14', 75.77),
    (8, 4, '2024-12-20 19:24:56', 81.19),
    (8, 6, '2024-12-03 16:05:06', 72.73),
    (8, 6, '2024-10-14 06:41:11', 21.77),
    (8, 6, '2024-12-02 02:16:17', 34.03),
    (8, 9, '2024-09-23 02:00:20', 41.82),
    (8, 9, '2024-09-24 07:30:26', 15.49),
    (8, 9, '2024-10-24 20:37:33', 24.1),
    (8, 9, '2024-10-25 03:31:02', 55.27),
    (8, 10, '2024-12-10 13:22:17', 15.64),
    (8, 10, '2024-09-11 00:14:17', 49.51),
    (8, 10, '2024-11-13 11:38:15', 88.65),
    (8, 11, '2024-11-05 06:14:32', 10.19),
    (8, 11, '2024-11-18 22:38:41', 9.23),
    (8, 11, '2024-12-31 19:53:23', 75.59),
    (8, 12, '2024-11-25 01:27:15', 23.06),
    (8, 12, '2024-12-13 04:18:00', 2.2),
    (8, 12, '2024-10-11 18:08:55', 60.66),
    (8, 12, '2024-10-12 00:35:52', 39.98),
    (8, 13, '2024-12-15 11:25:34', 50.54),
    (8, 13, '2024-09-14 23:21:49', 10.11),
    (8, 14, '2024-12-24 23:28:11', 28.36),
    (8, 14, '2024-09-02 19:24:32', 66.82),
    (8, 15, '2024-12-07 02:53:57', null),
    (8, 15, '2024-09-08 06:36:33', 40.68),
    (8, 16, '2024-11-08 02:54:09', 87.02),
    (8, 16, '2024-11-03 02:58:41', 86.19),
    (8, 16, '2024-09-14 18:12:13', null),
    (8, 16, '2024-12-08 14:58:33', null),
    (8, 17, '2024-10-11 04:09:09', 58.14),
    (8, 17, '2024-10-13 01:52:15', null),
    (8, 17, '2024-12-15 21:28:22', 61.25),
    (8, 17, '2024-12-21 18:37:32', null),
    (8, 18, '2024-10-19 09:46:55', 61.97),
    (8, 18, '2024-12-19 13:16:25', 7.27),
    (8, 19, '2024-10-16 13:59:57', 84.52),
    (8, 20, '2024-10-07 17:32:30', 1.98),
    (8, 20, '2024-10-22 00:05:50', 96.78),
    (8, 20, '2024-11-23 15:23:20', 69.48),
    (8, 20, '2024-09-03 16:36:10', 48.22),
    (9, 1, '2024-09-01 05:23:19', 45.14),
    (9, 2, '2024-09-05 04:26:25', 19.78),
    (9, 2, '2024-12-03 23:07:43', 98.07),
    (9, 2, '2024-11-17 07:35:58', 3.02),
    (9, 3, '2024-11-28 11:51:05', 44.45),
    (9, 3, '2024-12-03 07:50:06', 79.6),
    (9, 3, '2024-09-06 13:58:31', 13.57),
    (9, 5, '2024-12-28 09:07:11', 83.17),
    (9, 6, '2024-09-14 22:55:59', 6.63),
    (9, 6, '2024-11-22 17:26:55', 73.72),
    (9, 6, '2024-10-29 06:32:42', 29.3),
    (9, 6, '2024-10-06 11:30:05', 96.38),
    (9, 7, '2024-09-30 05:39:52', 1.59),
    (9, 7, '2024-12-18 23:52:56', 74.82),
    (9, 8, '2024-09-13 22:03:43', 39.82),
    (9, 8, '2024-10-02 07:09:15', null),
    (9, 9, '2024-12-18 09:59:09', 51.36),
    (9, 11, '2024-10-18 23:05:36', 38.09),
    (9, 11, '2024-12-29 16:15:30', 34.35),
    (9, 11, '2024-10-02 21:29:14', 60.39),
    (9, 12, '2024-12-06 08:21:22', 93.03),
    (9, 12, '2024-09-01 02:48:00', 65.86),
    (9, 12, '2024-10-18 03:07:13', 59.91),
    (9, 12, '2024-12-30 05:36:39', 47.75),
    (9, 13, '2024-12-12 21:45:01', 49.0),
    (9, 13, '2024-11-12 21:48:39', 75.49),
    (9, 13, '2024-12-22 00:46:25', 80.91),
    (9, 13, '2024-09-05 11:24:14', 23.43),
    (9, 14, '2024-09-12 03:08:06', 92.38),
    (9, 14, '2024-09-09 00:27:27', 34.02),
    (9, 14, '2024-09-28 08:01:10', 39.16),
    (9, 14, '2024-10-14 15:01:21', 40.16),
    (9, 15, '2024-09-29 01:48:35', 31.07),
    (9, 15, '2024-09-09 11:55:21', 60.22),
    (9, 15, '2024-11-25 15:40:55', 90.11),
    (9, 15, '2024-10-19 08:29:33', 13.83),
    (9, 16, '2024-12-06 08:21:53', 51.82),
    (9, 16, '2024-10-29 15:58:07', 63.41),
    (9, 16, '2024-10-28 16:50:12', 59.98),
    (9, 17, '2024-09-07 17:22:59', 21.22),
    (9, 17, '2024-12-11 17:58:44', 99.03),
    (9, 18, '2024-09-05 16:01:10', 39.68),
    (9, 18, '2024-10-15 10:08:18', 89.75),
    (9, 18, '2024-10-28 18:12:55', 52.92),
    (9, 19, '2024-10-22 10:34:06', 18.54),
    (9, 19, '2024-11-26 17:57:41', 20.75),
    (9, 19, '2024-10-06 01:02:29', 41.92),
    (9, 19, '2024-11-15 02:56:57', 89.93),
    (9, 20, '2024-12-23 11:51:27', 5.52),
    (9, 20, '2024-09-08 12:10:01', 45.24),
    (9, 20, '2024-10-26 07:46:35', 62.13),
    (9, 20, '2024-10-14 23:21:13', 57.52),
    (10, 2, '2024-11-24 04:35:47', 74.82),
    (10, 2, '2024-10-31 13:15:04', 71.35),
    (10, 3, '2024-10-18 06:04:09', 30.78),
    (10, 4, '2024-12-08 19:37:57', 15.95),
    (10, 5, '2024-09-22 00:39:00', 1.12),
    (10, 5, '2024-12-30 10:04:55', 91.28),
    (10, 5, '2024-09-24 08:06:40', 12.89),
    (10, 5, '2024-10-16 06:37:05', 54.84),
    (10, 7, '2024-09-09 13:53:04', 87.1),
    (10, 7, '2024-12-28 08:51:17', 24.98),
    (10, 8, '2024-11-01 08:27:51', 69.99),
    (10, 8, '2024-10-22 23:45:17', 98.14),
    (10, 8, '2024-11-25 23:40:26', 98.12),
    (10, 8, '2024-11-22 10:11:46', 66.82),
    (10, 9, '2024-11-27 10:52:09', 50.4),
    (10, 10, '2024-11-09 19:50:45', 24.28),
    (10, 10, '2024-12-24 02:37:11', null),
    (10, 12, '2024-10-09 21:57:50', 40.7),
    (10, 12, '2024-11-04 13:30:24', 30.65),
    (10, 12, '2024-12-08 02:16:49', 1.93),
    (10, 12, '2024-11-30 06:02:14', null),
    (10, 14, '2024-10-05 21:48:59', 32.5),
    (10, 14, '2024-09-15 16:30:44', 10.21),
    (10, 15, '2024-12-30 05:13:55', 27.18),
    (10, 15, '2024-12-11 16:43:38', 70.6),
    (10, 15, '2024-10-01 07:59:21', 60.08),
    (10, 15, '2024-09-03 05:34:53', 1.35),
    (10, 16, '2024-09-26 01:46:53', 49.23),
    (10, 16, '2024-09-05 18:17:20', 81.49),
    (10, 16, '2024-12-06 10:35:34', 6.77),
    (10, 17, '2024-11-10 07:46:25', 80.02),
    (10, 17, '2024-11-28 04:01:32', 44.05),
    (10, 18, '2024-10-28 06:22:42', 82.07),
    (10, 18, '2024-12-21 05:13:00', 56.53),
    (10, 18, '2024-11-18 02:52:33', 51.07),
    (10, 18, '2024-11-11 20:33:18', null),
    (10, 19, '2024-10-10 17:39:16', 37.4),
    (10, 19, '2024-09-28 12:36:50', 28.44),
    (10, 19, '2024-11-04 03:08:51', 56.02),
    (10, 19, '2024-10-10 10:40:12', 54.98),
    (10, 20, '2024-11-08 16:33:16', 81.33),
    (11, 2, '2024-10-22 14:12:00', 17.76),
    (11, 2, '2024-11-17 06:35:18', 54.12),
    (11, 2, '2024-12-06 15:02:37', 22.52),
    (11, 5, '2024-11-20 00:43:29', 22.75),
    (11, 5, '2024-12-31 01:13:46', 12.61),
    (11, 5, '2024-10-15 08:02:34', 44.69),
    (11, 5, '2024-11-02 23:45:41', 15.52),
    (11, 6, '2024-10-30 17:22:14', 48.61),
    (11, 6, '2024-10-21 23:26:12', 13.61),
    (11, 7, '2024-11-14 00:53:46', 29.73),
    (11, 7, '2024-12-07 17:12:11', 82.63),
    (11, 7, '2024-12-21 22:35:30', 63.15),
    (11, 8, '2024-11-06 02:59:35', 31.01),
    (11, 8, '2024-09-05 13:41:25', 1.96),
    (11, 8, '2024-09-16 10:07:09', 46.59),
    (11, 8, '2024-12-03 12:00:21', 32.26),
    (11, 9, '2024-09-30 01:24:30', 35.44),
    (11, 10, '2024-10-31 20:00:39', 83.95),
    (11, 10, '2024-09-06 00:03:11', 98.5),
    (11, 10, '2024-09-30 13:47:00', 44.21),
    (11, 10, '2024-12-04 18:18:06', null),
    (11, 12, '2024-09-14 18:32:38', 77.88),
    (11, 13, '2024-09-27 15:06:03', 51.25),
    (11, 13, '2024-10-11 16:05:00', 29.42),
    (11, 13, '2024-09-18 15:45:32', 6.01),
    (11, 14, '2024-11-28 10:49:32', 92.95),
    (11, 14, '2024-12-08 10:51:44', 95.27),
    (11, 15, '2024-12-08 23:16:53', 27.62),
    (11, 15, '2024-10-02 02:33:11', 29.28),
    (11, 16, '2024-10-30 14:28:31', null),
    (11, 17, '2024-12-20 00:56:01', 97.63),
    (11, 18, '2024-09-29 05:44:57', 26.31),
    (11, 18, '2024-11-30 19:10:01', 87.18),
    (11, 18, '2024-12-20 16:20:39', 32.69),
    (11, 19, '2024-12-15 12:57:30', 67.63),
    (11, 19, '2024-10-02 19:31:33', 63.55),
    (11, 19, '2024-12-21 22:42:15', 0.02),
    (11, 20, '2024-10-14 05:53:19', 17.22),
    (11, 20, '2024-10-22 04:10:39', 64.84),
    (11, 20, '2024-12-23 11:09:33', 51.29),
    (12, 2, '2024-10-05 07:53:32', 57.02),
    (12, 2, '2024-12-29 23:18:13', 54.14),
    (12, 3, '2024-12-10 22:06:01', 79.28),
    (12, 3, '2024-12-11 03:47:13', 74.55),
    (12, 5, '2024-09-20 00:58:16', 77.73),
    (12, 6, '2024-10-02 15:10:04', 47.67),
    (12, 8, '2024-12-02 13:57:56', 58.97),
    (12, 8, '2024-09-15 04:02:22', 32.44),
    (12, 8, '2024-10-19 11:26:11', 29.15),
    (12, 9, '2024-10-11 01:37:39', 79.47),
    (12, 9, '2024-10-24 13:47:53', 61.25),
    (12, 9, '2024-11-10 14:35:15', 58.49),
    (12, 9, '2024-12-28 09:02:54', 82.47),
    (12, 11, '2024-11-02 09:10:02', 16.72),
    (12, 12, '2024-12-04 18:26:05', 5.01),
    (12, 12, '2024-11-05 06:59:59', 41.21),
    (12, 12, '2024-11-03 22:29:39', 24.65),
    (12, 13, '2024-12-30 11:03:29', 15.91),
    (12, 13, '2024-10-03 05:54:50', 31.94),
    (12, 14, '2024-12-29 22:12:52', 20.05),
    (12, 14, '2024-09-10 14:15:02', 94.36),
    (12, 15, '2024-12-20 14:55:52', 55.37),
    (12, 15, '2024-11-20 16:14:45', 46.03),
    (12, 16, '2024-10-04 13:58:04', 68.89),
    (12, 18, '2024-09-05 06:28:40', 43.47),
    (12, 18, '2024-09-21 10:45:39', 16.44),
    (12, 18, '2024-12-01 19:10:31', 24.73),
    (12, 20, '2024-10-21 00:06:50', 75.01),
    (13, 1, '2024-12-23 20:48:59', 76.82),
    (13, 1, '2024-09-21 23:46:21', 39.95),
    (13, 1, '2024-10-24 10:21:28', 82.5),
    (13, 2, '2024-11-15 07:45:58', 63.7),
    (13, 2, '2024-11-19 20:53:48', 80.2),
    (13, 3, '2024-11-15 06:46:34', 68.5),
    (13, 3, '2024-09-29 18:26:35', 3.54),
    (13, 4, '2024-12-05 07:38:31', 61.48),
    (13, 5, '2024-10-13 16:42:54', 98.63),
    (13, 5, '2024-09-12 05:10:24', 82.1),
    (13, 6, '2024-10-24 01:20:34', 95.64),
    (13, 6, '2024-11-07 19:26:51', 17.04),
    (13, 7, '2024-10-27 10:24:39', 62.79),
    (13, 7, '2024-10-03 21:29:31', 94.21),
    (13, 7, '2024-10-11 20:41:01', 35.63),
    (13, 8, '2024-09-05 18:56:36', 62.13),
    (13, 8, '2024-10-20 04:12:42', 37.67),
    (13, 8, '2024-12-18 03:48:21', 25.14),
    (13, 9, '2024-09-23 02:20:39', 52.69),
    (13, 9, '2024-10-29 21:40:02', null),
    (13, 11, '2024-11-24 00:29:59', null),
    (13, 11, '2024-09-03 11:17:24', 81.76),
    (13, 12, '2024-09-17 04:49:56', 77.62),
    (13, 12, '2024-11-14 13:10:59', 79.76),
    (13, 12, '2024-10-19 12:59:28', 73.03),
    (13, 12, '2024-09-30 06:03:26', 16.88),
    (13, 13, '2024-09-16 13:51:18', 32.95),
    (13, 13, '2024-12-22 16:06:10', 91.59),
    (13, 13, '2024-11-14 17:36:02', 98.92),
    (13, 13, '2024-12-30 02:55:42', 29.78),
    (13, 15, '2024-09-07 12:22:13', 32.67),
    (13, 15, '2024-10-10 21:34:37', 37.69),
    (13, 15, '2024-10-03 21:53:44', 1.81),
    (13, 16, '2024-11-02 21:40:10', 41.87),
    (13, 16, '2024-12-11 23:14:30', 19.68),
    (13, 17, '2024-10-11 19:25:48', null),
    (13, 17, '2024-12-25 07:35:50', 31.12),
    (13, 17, '2024-12-20 12:12:12', 68.54),
    (13, 17, '2024-11-03 18:11:54', null),
    (13, 18, '2024-10-04 19:37:14', 77.89),
    (13, 18, '2024-11-15 22:24:28', 23.38),
    (13, 19, '2024-11-24 10:47:18', 89.85),
    (13, 19, '2024-11-15 15:31:07', 79.9),
    (13, 19, '2024-09-20 21:53:33', 59.49),
    (13, 19, '2024-10-25 06:14:34', 73.14),
    (13, 20, '2024-12-22 10:48:40', 54.73),
    (14, 1, '2024-10-24 12:34:05', 61.11),
    (14, 3, '2024-11-25 17:52:02', 44.85),
    (14, 3, '2024-10-10 15:58:20', 97.73),
    (14, 3, '2024-10-26 03:01:55', 24.71),
    (14, 4, '2024-09-07 22:32:48', 75.13),
    (14, 4, '2024-09-20 05:56:46', 15.61),
    (14, 4, '2024-09-20 03:19:19', 7.52),
    (14, 5, '2024-10-05 20:08:51', 66.54),
    (14, 5, '2024-11-03 05:09:21', 81.38),
    (14, 5, '2024-12-16 09:06:05', 19.62),
    (14, 5, '2024-12-06 14:16:13', 11.97),
    (14, 7, '2024-09-26 10:55:48', 12.96),
    (14, 7, '2024-11-02 14:49:55', 79.83),
    (14, 7, '2024-10-29 08:14:34', 85.11),
    (14, 8, '2024-09-29 04:35:42', 63.97),
    (14, 8, '2024-09-06 09:46:45', 50.71),
    (14, 8, '2024-10-31 13:38:56', 0.64),
    (14, 9, '2024-10-21 09:54:48', 52.31),
    (14, 9, '2024-09-21 09:58:46', null),
    (14, 10, '2024-10-13 08:04:16', 89.32),
    (14, 11, '2024-09-12 23:39:38', 3.79),
    (14, 12, '2024-12-30 07:57:14', 12.39),
    (14, 12, '2024-11-25 03:27:16', 89.56),
    (14, 12, '2024-11-13 21:03:53', 14.52),
    (14, 13, '2024-10-01 15:42:41', 70.66),
    (14, 13, '2024-11-22 04:42:08', 7.32),
    (14, 13, '2024-10-15 14:59:53', 95.32),
    (14, 14, '2024-12-02 23:41:07', 52.6),
    (14, 14, '2024-10-03 12:05:18', 24.21),
    (14, 15, '2024-12-05 09:31:14', 96.16),
    (14, 15, '2024-10-25 11:26:39', 0.53),
    (14, 15, '2024-10-05 20:10:35', 79.5),
    (14, 16, '2024-12-02 14:04:00', 58.65),
    (14, 18, '2024-09-04 23:48:55', 3.51),
    (14, 18, '2024-10-14 04:42:43', 74.08),
    (14, 18, '2024-11-12 09:37:34', 63.98),
    (14, 19, '2024-11-08 22:54:13', 73.03),
    (14, 19, '2024-11-26 01:18:06', 41.07),
    (14, 19, '2024-12-17 15:48:51', 96.73),
    (14, 19, '2024-10-29 19:26:03', 73.99),
    (14, 20, '2024-09-20 18:22:28', 24.13),
    (14, 20, '2024-11-09 05:52:57', 1.81),
    (14, 20, '2024-12-21 23:28:06', 92.37),
    (15, 1, '2024-11-22 20:54:33', 7.2),
    (15, 2, '2024-09-30 12:30:49', 2.68),
    (15, 2, '2024-09-24 19:11:48', 4.07),
    (15, 2, '2024-12-08 18:37:18', 26.59),
    (15, 2, '2024-11-24 17:35:11', 69.47),
    (15, 3, '2024-12-24 19:21:12', 12.0),
    (15, 3, '2024-10-02 00:06:37', 99.87),
    (15, 5, '2024-09-20 06:07:29', 99.26),
    (15, 5, '2024-09-21 18:25:33', null),
    (15, 5, '2024-12-24 16:03:26', 8.94),
    (15, 6, '2024-10-24 03:14:14', 86.37),
    (15, 6, '2024-10-24 20:01:37', 29.23),
    (15, 6, '2024-09-02 18:16:49', 65.44),
    (15, 6, '2024-12-04 16:20:02', 77.63),
    (15, 7, '2024-12-24 14:32:17', 3.19),
    (15, 7, '2024-11-02 08:03:00', 96.61),
    (15, 7, '2024-12-29 12:56:59', 63.25),
    (15, 7, '2024-12-22 15:13:16', 32.6),
    (15, 8, '2024-10-23 16:15:35', 32.61),
    (15, 8, '2024-10-28 00:08:29', null),
    (15, 8, '2024-10-05 17:19:15', 92.05),
    (15, 10, '2024-10-24 01:18:35', 55.58),
    (15, 10, '2024-09-02 04:02:43', 81.99),
    (15, 11, '2024-10-12 19:14:52', 10.28),
    (15, 12, '2024-12-12 13:52:15', 30.35),
    (15, 12, '2024-09-17 15:57:07', 40.71),
    (15, 12, '2024-09-22 00:55:45', 81.61),
    (15, 12, '2024-09-21 23:02:05', 10.38),
    (15, 13, '2024-12-15 05:34:30', 36.56),
    (15, 13, '2024-09-19 18:21:42', 14.03),
    (15, 14, '2024-11-08 23:26:34', 88.97),
    (15, 15, '2024-10-08 03:20:54', 78.75),
    (15, 15, '2024-10-02 11:57:10', 58.38),
    (15, 15, '2024-11-13 05:13:59', 71.81),
    (15, 15, '2024-12-07 22:19:00', 14.79),
    (15, 16, '2024-11-22 09:05:22', 82.5),
    (15, 16, '2024-09-16 11:53:27', 32.85),
    (15, 18, '2024-09-19 21:11:35', 96.5),
    (15, 18, '2024-11-15 10:41:51', 70.94),
    (15, 18, '2024-12-14 19:55:44', 25.02),
    (15, 19, '2024-11-12 02:01:33', 81.73),
    (15, 19, '2024-12-03 08:56:56', 23.69),
    (15, 19, '2024-09-09 21:18:31', 16.24),
    (15, 19, '2024-11-24 17:40:06', 82.02),
    (16, 1, '2024-10-19 14:32:50', 63.67),
    (16, 1, '2024-12-04 13:28:09', 21.42),
    (16, 1, '2024-11-22 21:36:42', 18.24),
    (16, 1, '2024-09-17 02:40:01', 62.99),
    (16, 2, '2024-11-06 15:42:20', 22.95),
    (16, 2, '2024-09-15 14:24:11', 37.95),
    (16, 2, '2024-12-17 14:17:22', 48.77),
    (16, 3, '2024-11-28 22:17:00', 66.84),
    (16, 3, '2024-10-24 22:59:00', 6.62),
    (16, 3, '2024-10-27 00:13:11', 7.45),
    (16, 3, '2024-10-20 07:29:04', 27.71),
    (16, 4, '2024-12-16 00:05:07', 88.9),
    (16, 4, '2024-12-27 22:28:37', null),
    (16, 4, '2024-10-15 06:34:44', 97.78),
    (16, 5, '2024-11-02 17:06:13', 42.99),
    (16, 6, '2024-11-13 03:00:47', 62.23),
    (16, 6, '2024-12-04 22:44:55', 70.84),
    (16, 7, '2024-12-16 17:11:12', 89.19),
    (16, 8, '2024-10-09 18:40:08', 46.09),
    (16, 8, '2024-09-16 19:59:09', 94.96),
    (16, 8, '2024-09-23 10:44:03', null),
    (16, 8, '2024-12-07 06:17:38', 45.0),
    (16, 9, '2024-11-15 16:52:46', 67.33),
    (16, 9, '2024-09-25 07:57:38', 55.31),
    (16, 9, '2024-10-12 23:38:04', 86.45),
    (16, 11, '2024-10-18 00:06:25', 12.22),
    (16, 11, '2024-11-16 21:49:27', 45.18),
    (16, 12, '2024-11-10 08:18:26', null),
    (16, 12, '2024-11-25 09:06:22', 68.94),
    (16, 12, '2024-10-24 06:50:35', 83.0),
    (16, 12, '2024-10-18 18:30:02', 49.16),
    (16, 13, '2024-11-26 07:20:55', 60.28),
    (16, 13, '2024-12-17 21:02:54', 20.01),
    (16, 14, '2024-12-10 22:31:41', 2.5),
    (16, 15, '2024-09-28 02:24:47', 83.39),
    (16, 15, '2024-12-26 14:58:12', 1.97),
    (16, 16, '2024-11-09 16:47:52', 60.61),
    (16, 16, '2024-12-05 14:05:32', 63.25),
    (16, 16, '2024-10-18 10:44:51', 15.86),
    (16, 16, '2024-11-13 11:56:14', 18.88),
    (16, 17, '2024-09-10 12:27:37', 88.67),
    (16, 17, '2024-10-04 10:59:04', 2.3),
    (16, 18, '2024-11-18 20:55:50', 27.62),
    (16, 20, '2024-11-05 16:07:16', 77.64),
    (17, 1, '2024-11-15 08:22:00', 65.26),
    (17, 1, '2024-11-09 01:35:49', 68.53),
    (17, 1, '2024-12-16 07:12:32', 53.0),
    (17, 2, '2024-10-22 11:57:59', 72.42),
    (17, 2, '2024-09-13 18:55:30', 26.97),
    (17, 2, '2024-10-24 12:34:27', 74.58),
    (17, 3, '2024-12-28 03:32:18', 99.24),
    (17, 3, '2024-12-02 16:47:42', 65.97),
    (17, 4, '2024-11-09 12:15:56', 27.31),
    (17, 4, '2024-10-13 17:15:19', null),
    (17, 5, '2024-12-19 11:11:12', 1.17),
    (17, 6, '2024-10-26 05:16:47', 35.32),
    (17, 6, '2024-10-09 21:15:35', 90.77),
    (17, 6, '2024-11-09 23:10:11', 30.65),
    (17, 7, '2024-12-09 04:43:10', 38.1),
    (17, 7, '2024-09-10 15:49:09', 4.06),
    (17, 7, '2024-09-30 18:47:02', 79.92),
    (17, 9, '2024-11-06 07:14:47', 77.76),
    (17, 9, '2024-10-01 19:28:37', 68.68),
    (17, 9, '2024-09-11 01:46:34', 14.34),
    (17, 9, '2024-09-12 03:30:10', 15.51),
    (17, 11, '2024-12-21 19:46:01', 62.17),
    (17, 11, '2024-10-12 06:37:29', 53.15),
    (17, 12, '2024-10-20 02:48:02', 82.69),
    (17, 12, '2024-11-14 21:45:24', 7.09),
    (17, 12, '2024-12-17 14:30:21', 22.44),
    (17, 13, '2024-09-08 16:51:08', 66.52),
    (17, 13, '2024-10-29 10:00:45', 58.29),
    (17, 13, '2024-12-09 07:37:06', 93.85),
    (17, 13, '2024-09-17 13:56:45', 5.75),
    (17, 14, '2024-09-14 01:47:52', 11.27),
    (17, 16, '2024-10-04 04:18:58', 80.29),
    (17, 17, '2024-12-24 13:54:32', 57.59),
    (17, 17, '2024-09-08 14:38:58', 46.04),
    (17, 17, '2024-11-24 06:07:58', 11.97),
    (17, 17, '2024-10-06 06:11:16', 69.89),
    (17, 18, '2024-09-18 13:48:52', null),
    (18, 1, '2024-09-14 20:45:51', 96.98),
    (18, 1, '2024-11-18 16:26:36', 79.91),
    (18, 2, '2024-09-04 13:44:31', 78.32),
    (18, 2, '2024-10-13 19:27:29', 51.51),
    (18, 2, '2024-09-22 02:24:10', 79.69),
    (18, 4, '2024-12-23 14:08:22', 20.54),
    (18, 4, '2024-11-24 05:53:43', 4.7),
    (18, 4, '2024-10-21 23:50:05', 55.75),
    (18, 4, '2024-12-28 09:38:56', 29.32),
    (18, 5, '2024-09-05 18:45:46', 59.0),
    (18, 5, '2024-09-02 17:44:03', 11.71),
    (18, 5, '2024-10-21 13:21:34', 38.72),
    (18, 5, '2024-11-15 06:23:11', 23.23),
    (18, 6, '2024-11-15 21:48:57', 24.1),
    (18, 7, '2024-10-31 06:34:01', 49.35),
    (18, 7, '2024-12-08 00:27:18', 30.75),
    (18, 10, '2024-11-27 00:18:19', 96.76),
    (18, 10, '2024-11-14 19:47:28', 21.5),
    (18, 12, '2024-09-18 03:33:54', 11.6),
    (18, 12, '2024-10-16 15:56:59', 93.32),
    (18, 12, '2024-11-27 17:35:27', 51.27),
    (18, 13, '2024-09-21 08:32:39', 15.75),
    (18, 13, '2024-09-21 20:45:22', 42.11),
    (18, 13, '2024-11-26 01:37:48', 75.83),
    (18, 14, '2024-11-04 20:58:18', 54.3),
    (18, 14, '2024-09-25 15:18:44', 89.59),
    (18, 14, '2024-11-18 08:22:49', 88.05),
    (18, 15, '2024-09-12 16:42:41', 75.04),
    (18, 15, '2024-11-18 05:46:36', 66.87),
    (18, 16, '2024-09-19 01:32:00', 34.55),
    (18, 17, '2024-09-02 01:20:25', 91.01),
    (18, 18, '2024-10-22 02:58:57', 83.0),
    (18, 18, '2024-09-08 17:46:18', 12.3),
    (18, 18, '2024-12-22 03:52:05', 81.66),
    (18, 18, '2024-10-22 02:13:53', null),
    (18, 20, '2024-09-14 22:17:05', 51.27),
    (19, 1, '2024-12-15 08:19:30', 6.25),
    (19, 1, '2024-12-30 23:29:42', 57.12),
    (19, 4, '2024-10-15 08:02:34', 9.0),
    (19, 4, '2024-09-20 07:50:23', 69.04),
    (19, 4, '2024-11-07 06:46:28', 48.76),
    (19, 4, '2024-11-07 21:16:17', null),
    (19, 5, '2024-09-06 12:08:52', 68.95),
    (19, 5, '2024-09-26 03:00:13', 63.18),
    (19, 6, '2024-10-26 21:03:06', 54.71),
    (19, 7, '2024-09-24 09:57:02', 36.98),
    (19, 7, '2024-09-29 11:01:03', 89.13),
    (19, 9, '2024-11-16 19:42:56', 22.27),
    (19, 9, '2024-12-08 14:16:09', 82.49),
    (19, 9, '2024-10-20 20:10:11', 84.94),
    (19, 10, '2024-10-02 02:20:15', 65.16),
    (19, 10, '2024-11-11 03:55:26', 36.13),
    (19, 10, '2024-10-05 21:11:41', 78.13),
    (19, 10, '2024-10-19 18:35:44', 15.96),
    (19, 11, '2024-11-02 23:04:34', 57.56),
    (19, 11, '2024-12-09 12:38:53', 95.01),
    (19, 11, '2024-11-04 22:41:47', 61.92),
    (19, 11, '2024-10-20 04:02:10', 16.79),
    (19, 12, '2024-09-01 23:26:21', 16.38),
    (19, 13, '2024-11-30 17:26:24', 8.85),
    (19, 13, '2024-12-13 15:54:29', 27.29),
    (19, 16, '2024-11-03 09:30:58', 16.85),
    (19, 17, '2024-09-29 22:49:36', 44.93),
    (19, 17, '2024-11-06 21:17:53', 27.18),
    (19, 18, '2024-12-27 05:53:05', 14.46),
    (19, 18, '2024-10-18 09:14:11', 92.58),
    (19, 19, '2024-11-10 20:11:22', 25.71),
    (19, 19, '2024-11-24 03:08:53', 39.15),
    (19, 20, '2024-11-11 21:22:26', 30.88),
    (19, 20, '2024-11-09 13:35:18', 77.07),
    (20, 1, '2024-11-05 07:47:25', 50.51),
    (20, 1, '2024-12-18 14:13:04', 85.51),
    (20, 1, '2024-09-29 06:25:01', 37.45),
    (20, 1, '2024-10-04 05:58:26', 31.32),
    (20, 2, '2024-09-22 14:47:28', 9.29),
    (20, 2, '2024-09-16 03:39:09', null),
    (20, 2, '2024-11-24 21:04:58', 90.16),
    (20, 2, '2024-09-28 00:20:27', 42.9),
    (20, 3, '2024-12-31 19:02:41', 16.5),
    (20, 3, '2024-11-15 02:56:36', 3.06),
    (20, 3, '2024-09-27 08:20:25', 87.06),
    (20, 3, '2024-12-17 18:32:40', null),
    (20, 4, '2024-09-03 23:49:03', 72.64),
    (20, 4, '2024-09-21 01:46:26', 69.72),
    (20, 6, '2024-11-06 07:30:46', 71.09),
    (20, 6, '2024-12-08 02:18:25', 52.95),
    (20, 7, '2024-09-29 07:10:18', 96.82),
    (20, 8, '2024-11-02 12:41:07', 71.82),
    (20, 8, '2024-10-02 06:22:43', 89.9),
    (20, 8, '2024-11-16 05:50:19', 0.39),
    (20, 9, '2024-09-25 09:44:39', 59.55),
    (20, 9, '2024-11-25 18:52:04', 67.51),
    (20, 9, '2024-10-18 12:43:48', 91.46),
    (20, 10, '2024-11-16 14:41:20', 87.58),
    (20, 10, '2024-09-06 12:41:45', 2.37),
    (20, 10, '2024-09-11 13:57:28', 29.08),
    (20, 10, '2024-10-31 18:20:42', 97.47),
    (20, 11, '2024-12-24 11:29:57', null),
    (20, 11, '2024-12-21 04:28:13', null),
    (20, 11, '2024-09-14 03:36:05', 22.97),
    (20, 11, '2024-11-16 15:34:27', 40.77),
    (20, 12, '2024-09-06 16:31:22', 93.47),
    (20, 12, '2024-09-22 07:24:34', 92.82),
    (20, 13, '2024-12-30 20:06:13', 9.88),
    (20, 13, '2024-09-26 12:10:06', 6.32),
    (20, 13, '2024-11-17 18:48:45', 19.17),
    (20, 15, '2024-10-09 09:55:22', 32.56),
    (20, 15, '2024-09-02 19:29:53', 22.26),
    (20, 15, '2024-12-15 21:05:09', 64.99),
    (20, 15, '2024-09-23 04:46:42', 67.6),
    (20, 16, '2024-12-13 07:04:50', 6.84),
    (20, 16, '2024-09-29 05:00:10', 95.25),
    (20, 16, '2024-12-23 21:07:00', 85.69),
    (20, 17, '2024-09-14 07:00:47', 63.33),
    (20, 17, '2024-11-26 12:37:37', 42.63),
    (20, 17, '2024-09-29 18:41:22', 99.72),
    (20, 17, '2024-12-30 20:29:50', null),
    (20, 19, '2024-09-28 22:53:14', 90.54),
    (20, 19, '2024-12-21 02:40:12', 73.16),
    (20, 19, '2024-11-24 05:57:27', 26.17),
    (21, 1, '2024-10-12 18:25:45', 36.88),
    (21, 1, '2024-12-03 00:26:22', 17.6),
    (21, 1, '2024-12-16 20:29:34', 3.45),
    (21, 2, '2024-09-04 22:18:25', 32.01),
    (21, 2, '2024-11-28 16:12:49', 84.76),
    (21, 3, '2024-12-06 23:18:47', 15.41),
    (21, 3, '2024-12-05 08:09:14', 69.97),
    (21, 3, '2024-10-31 14:28:45', 6.19),
    (21, 3, '2024-10-14 15:21:48', 67.46),
    (21, 4, '2024-09-26 00:04:02', 7.77),
    (21, 4, '2024-10-01 05:26:13', 46.61),
    (21, 4, '2024-12-14 03:06:00', 85.75),
    (21, 5, '2024-12-09 22:04:46', 65.47),
    (21, 5, '2024-11-18 01:40:05', 34.09),
    (21, 6, '2024-10-29 14:15:09', 16.78),
    (21, 7, '2024-12-06 15:10:43', 15.29),
    (21, 7, '2024-11-02 02:56:51', null),
    (21, 8, '2024-11-02 14:19:43', 9.59),
    (21, 8, '2024-09-02 14:21:24', 87.01),
    (21, 8, '2024-12-03 09:07:54', 87.31),
    (21, 9, '2024-11-23 02:51:22', 62.35),
    (21, 9, '2024-10-13 15:10:24', 41.15),
    (21, 9, '2024-11-02 17:09:27', 84.13),
    (21, 10, '2024-10-23 07:54:33', 28.67),
    (21, 10, '2024-09-30 01:47:57', 35.48),
    (21, 10, '2024-09-23 15:54:44', 86.4),
    (21, 11, '2024-12-31 22:02:42', 17.53),
    (21, 12, '2024-09-25 21:39:09', 15.2),
    (21, 12, '2024-11-11 00:18:14', 45.64),
    (21, 12, '2024-10-08 12:14:30', 20.97),
    (21, 12, '2024-09-14 00:56:25', 3.98),
    (21, 13, '2024-10-31 15:47:25', 91.28),
    (21, 13, '2024-10-18 20:39:18', 91.56),
    (21, 13, '2024-09-13 16:22:49', 86.32),
    (21, 13, '2024-12-18 21:57:00', 86.64),
    (21, 14, '2024-11-13 11:28:18', 12.3),
    (21, 17, '2024-12-07 15:44:13', 47.7),
    (21, 17, '2024-09-01 22:40:43', 55.44),
    (21, 17, '2024-09-06 18:51:08', 48.44),
    (21, 17, '2024-10-22 03:41:01', 78.78),
    (21, 19, '2024-10-29 20:58:45', 13.07),
    (21, 19, '2024-12-10 22:23:42', 44.92),
    (22, 3, '2024-12-19 20:46:28', 28.0),
    (22, 3, '2024-10-23 07:40:59', 30.33),
    (22, 4, '2024-11-02 21:55:12', 38.2),
    (22, 4, '2024-10-05 04:37:46', 57.37),
    (22, 4, '2024-10-21 07:51:26', 83.69),
    (22, 5, '2024-11-07 07:44:37', 31.82),
    (22, 6, '2024-10-04 01:19:10', 55.57),
    (22, 7, '2024-10-07 04:50:07', 76.75),
    (22, 9, '2024-09-30 02:46:46', 60.84),
    (22, 9, '2024-12-31 19:45:58', 39.11),
    (22, 11, '2024-09-14 02:19:00', 27.56),
    (22, 11, '2024-11-05 20:44:53', 93.08),
    (22, 11, '2024-11-22 20:48:06', 28.41),
    (22, 11, '2024-09-24 04:39:20', 17.66),
    (22, 12, '2024-11-04 01:48:14', 35.37),
    (22, 14, '2024-10-01 23:45:25', 7.34),
    (22, 14, '2024-10-05 17:09:33', 32.11),
    (22, 16, '2024-09-03 19:18:52', 49.33),
    (22, 16, '2024-12-27 11:25:53', 43.47),
    (22, 18, '2024-11-19 21:20:10', 60.77),
    (22, 18, '2024-10-07 01:23:35', 18.89),
    (22, 18, '2024-12-14 12:09:07', 8.05),
    (22, 19, '2024-10-26 09:02:10', 83.05),
    (22, 19, '2024-10-15 05:40:03', 26.09),
    (22, 19, '2024-10-11 14:36:14', 12.78),
    (22, 19, '2024-12-15 20:45:59', 78.48),
    (23, 1, '2024-12-24 17:50:36', 97.74),
    (23, 1, '2024-09-22 21:30:13', 4.77),
    (23, 2, '2024-09-08 07:07:19', 8.55),
    (23, 2, '2024-12-02 22:34:21', 65.88),
    (23, 2, '2024-11-25 13:00:57', 74.76),
    (23, 2, '2024-09-15 16:40:14', 42.99),
    (23, 3, '2024-09-19 16:07:21', 72.13),
    (23, 3, '2024-10-13 11:45:08', 42.06),
    (23, 3, '2024-11-11 21:55:06', 78.63),
    (23, 4, '2024-11-13 18:11:51', 77.71),
    (23, 4, '2024-11-23 15:35:11', 20.44),
    (23, 4, '2024-09-08 11:56:44', 67.52),
    (23, 4, '2024-12-25 06:28:47', 78.39),
    (23, 5, '2024-12-19 01:22:35', 75.82),
    (23, 5, '2024-12-13 08:34:12', 21.3),
    (23, 5, '2024-11-20 09:57:54', 28.02),
    (23, 8, '2024-10-09 22:03:03', 58.98),
    (23, 8, '2024-09-11 09:21:02', 49.95),
    (23, 9, '2024-10-30 01:20:40', 27.73),
    (23, 10, '2024-12-22 08:44:17', 60.6),
    (23, 10, '2024-11-01 19:59:49', 42.54),
    (23, 11, '2024-10-25 05:38:55', 3.21),
    (23, 11, '2024-11-29 10:48:39', 67.92),
    (23, 11, '2024-12-02 20:53:46', null),
    (23, 11, '2024-11-28 02:13:13', null),
    (23, 13, '2024-09-03 23:24:27', 72.86),
    (23, 13, '2024-10-30 05:48:00', 74.05),
    (23, 13, '2024-12-03 05:09:28', 94.49),
    (23, 14, '2024-10-09 06:58:46', 59.8),
    (23, 14, '2024-09-30 06:17:27', 68.85),
    (23, 15, '2024-10-20 07:31:53', 45.25),
    (23, 15, '2024-10-28 19:59:16', 48.8),
    (23, 15, '2024-12-25 23:16:33', 98.46),
    (23, 15, '2024-09-16 14:25:11', 23.69),
    (23, 16, '2024-11-16 19:44:36', 57.85),
    (23, 16, '2024-10-21 19:45:37', 56.26),
    (23, 16, '2024-09-18 10:46:24', 25.44),
    (23, 17, '2024-09-12 12:07:43', 79.66),
    (23, 17, '2024-09-07 17:20:46', 1.97),
    (23, 19, '2024-11-02 00:14:20', 43.27),
    (24, 1, '2024-11-30 13:01:18', null),
    (24, 1, '2024-11-01 14:21:16', 46.43),
    (24, 1, '2024-12-07 21:37:56', 8.36),
    (24, 2, '2024-09-05 22:21:05', 76.44),
    (24, 2, '2024-10-04 08:47:19', 97.29),
    (24, 2, '2024-10-12 15:47:01', 13.4),
    (24, 2, '2024-12-17 06:04:00', 55.28),
    (24, 3, '2024-12-01 22:42:36', 10.15),
    (24, 3, '2024-11-20 06:22:03', 27.14),
    (24, 3, '2024-10-30 06:28:06', null),
    (24, 3, '2024-09-29 14:22:57', null),
    (24, 5, '2024-12-13 06:19:36', 20.08),
    (24, 6, '2024-09-09 05:58:45', 8.52),
    (24, 6, '2024-12-26 10:06:28', 62.0),
    (24, 6, '2024-11-28 20:16:26', 32.77),
    (24, 6, '2024-09-27 20:41:14', 18.35),
    (24, 7, '2024-12-02 08:49:27', 77.09),
    (24, 7, '2024-09-09 18:19:41', 26.88),
    (24, 8, '2024-10-13 06:48:26', 10.82),
    (24, 8, '2024-12-31 14:27:30', 38.37),
    (24, 8, '2024-10-14 18:52:30', 58.51),
    (24, 9, '2024-09-05 12:30:52', 11.69),
    (24, 9, '2024-12-19 11:47:22', 37.49),
    (24, 9, '2024-10-23 15:20:04', 33.56),
    (24, 9, '2024-12-14 01:04:40', 42.97),
    (24, 10, '2024-09-23 02:42:34', 54.71),
    (24, 10, '2024-10-02 05:37:07', 92.5),
    (24, 10, '2024-11-12 13:37:25', 78.83),
    (24, 10, '2024-11-11 23:22:30', 47.08),
    (24, 12, '2024-10-05 06:08:43', 36.26),
    (24, 13, '2024-12-12 06:36:38', 14.88),
    (24, 13, '2024-09-18 09:28:39', 72.2),
    (24, 13, '2024-12-20 08:51:51', 20.01),
    (24, 13, '2024-10-07 02:17:34', 10.26),
    (24, 14, '2024-12-23 14:20:15', 75.0),
    (24, 14, '2024-09-16 02:33:51', 66.42),
    (24, 14, '2024-11-23 15:14:13', 16.25),
    (24, 14, '2024-12-02 21:13:33', 76.98),
    (24, 15, '2024-12-26 15:41:42', 90.14),
    (24, 15, '2024-10-17 06:11:24', 26.47),
    (24, 15, '2024-10-28 21:31:41', 77.07),
    (24, 16, '2024-09-27 17:04:02', null),
    (24, 17, '2024-10-05 22:48:19', 52.15),
    (24, 17, '2024-10-18 11:45:23', 58.1),
    (24, 17, '2024-09-20 17:51:52', 63.51),
    (24, 17, '2024-10-16 12:33:53', 35.06),
    (24, 18, '2024-12-02 15:31:22', null),
    (24, 18, '2024-11-19 01:58:34', 95.91),
    (24, 18, '2024-09-07 01:51:07', 68.44),
    (24, 19, '2024-12-12 17:31:23', 72.85),
    (24, 20, '2024-10-04 13:48:27', 93.16),
    (24, 20, '2024-09-29 23:48:51', 82.37),
    (24, 20, '2024-11-29 05:41:31', 51.79),
    (24, 20, '2024-10-12 08:53:25', 80.74),
    (25, 1, '2024-12-15 10:04:34', 84.68),
    (25, 1, '2024-10-12 11:05:32', 65.12),
    (25, 3, '2024-12-09 03:42:48', 4.85),
    (25, 4, '2024-10-20 09:27:17', 88.98),
    (25, 4, '2024-11-23 02:53:40', 24.57),
    (25, 5, '2024-10-02 05:39:54', 59.44),
    (25, 5, '2024-12-24 05:52:41', 21.58),
    (25, 5, '2024-10-18 15:20:34', 83.57),
    (25, 5, '2024-09-28 23:29:58', 80.28),
    (25, 6, '2024-10-31 00:17:34', 3.22),
    (25, 6, '2024-11-07 05:37:01', 15.05),
    (25, 6, '2024-12-25 15:15:02', 35.49),
    (25, 7, '2024-12-21 06:47:48', 89.26),
    (25, 7, '2024-10-14 09:02:28', 60.06),
    (25, 8, '2024-10-26 13:51:54', 81.58),
    (25, 8, '2024-10-05 00:55:02', 26.03),
    (25, 9, '2024-10-30 10:39:42', 66.06),
    (25, 9, '2024-12-25 03:49:37', 57.84),
    (25, 9, '2024-12-13 18:27:11', 20.11),
    (25, 10, '2024-10-18 18:32:01', 38.1),
    (25, 10, '2024-11-23 19:44:41', 75.08),
    (25, 11, '2024-11-05 02:24:17', 51.36),
    (25, 11, '2024-12-29 20:51:15', 48.28),
    (25, 11, '2024-10-05 23:16:12', 40.26),
    (25, 11, '2024-10-24 07:46:58', 58.26),
    (25, 12, '2024-10-05 15:17:19', 72.13),
    (25, 12, '2024-12-22 09:53:46', 43.83),
    (25, 13, '2024-11-23 12:31:33', 95.26),
    (25, 13, '2024-12-07 09:01:42', 67.49),
    (25, 13, '2024-09-18 22:53:33', 60.45),
    (25, 13, '2024-10-18 05:25:55', 68.02),
    (25, 14, '2024-12-16 03:39:41', 33.79),
    (25, 16, '2024-10-09 14:01:58', 61.4),
    (25, 16, '2024-09-21 17:00:30', 92.76),
    (25, 16, '2024-10-05 05:20:01', 71.86),
    (25, 16, '2024-10-15 07:05:32', 65.78),
    (25, 17, '2024-09-14 22:40:49', 75.86),
    (25, 17, '2024-09-26 19:26:14', 33.12),
    (25, 17, '2024-12-08 01:38:42', 20.36),
    (25, 18, '2024-12-29 08:27:33', 30.48),
    (25, 18, '2024-09-11 03:37:04', 57.48),
    (25, 19, '2024-11-16 04:20:31', 20.69),
    (25, 19, '2024-12-21 07:45:33', 35.17),
    (25, 19, '2024-12-03 19:38:13', 24.15),
    (25, 20, '2024-10-09 19:49:36', 54.71),
    (25, 20, '2024-10-09 11:59:51', 66.47),
    (25, 20, '2024-09-15 14:26:13', null),
    (26, 1, '2024-10-12 19:33:04', 29.03),
    (26, 1, '2024-09-27 14:59:31', 59.27),
    (26, 2, '2024-11-19 05:37:57', 25.91),
    (26, 2, '2024-11-22 21:56:35', 15.93),
    (26, 2, '2024-10-02 09:27:45', 64.77),
    (26, 3, '2024-10-14 07:37:55', 0.83),
    (26, 4, '2024-12-11 18:29:13', 25.45),
    (26, 5, '2024-11-10 17:36:34', 2.14),
    (26, 5, '2024-12-19 15:15:59', 80.6),
    (26, 5, '2024-10-22 23:46:01', 55.13),
    (26, 6, '2024-09-02 02:19:42', null),
    (26, 6, '2024-09-26 08:53:03', 29.73),
    (26, 7, '2024-09-22 20:07:06', 58.4),
    (26, 7, '2024-11-03 05:09:17', 10.38),
    (26, 7, '2024-12-31 21:15:42', 11.67),
    (26, 8, '2024-12-25 08:24:10', 74.58),
    (26, 8, '2024-10-11 00:30:46', 43.84),
    (26, 9, '2024-10-18 06:03:43', 79.82),
    (26, 10, '2024-10-11 14:30:38', 50.97),
    (26, 10, '2024-12-19 01:22:20', 15.24),
    (26, 10, '2024-12-08 13:20:00', 89.74),
    (26, 11, '2024-10-15 08:23:53', 99.06),
    (26, 11, '2024-10-02 05:39:54', 48.34),
    (26, 12, '2024-09-05 07:38:09', 77.99),
    (26, 12, '2024-12-29 02:33:22', 95.72),
    (26, 12, '2024-10-10 06:08:33', 39.74),
    (26, 14, '2024-10-09 00:25:05', 35.89),
    (26, 14, '2024-12-19 05:15:17', 52.24),
    (26, 14, '2024-09-05 02:10:43', 91.75),
    (26, 15, '2024-11-02 23:42:22', 25.13),
    (26, 15, '2024-10-12 23:58:49', 91.37),
    (26, 15, '2024-12-10 16:36:04', 48.2),
    (26, 16, '2024-10-26 16:13:12', 94.4),
    (26, 16, '2024-10-01 21:44:25', 31.05),
    (26, 16, '2024-11-05 06:51:40', 82.86),
    (26, 16, '2024-12-24 09:42:10', null),
    (26, 17, '2024-10-27 09:52:08', 14.11),
    (26, 17, '2024-09-28 19:05:35', 90.48),
    (26, 17, '2024-09-30 15:30:14', 38.54),
    (26, 18, '2024-11-08 09:46:29', 42.64),
    (26, 18, '2024-09-26 17:23:55', 95.68),
    (26, 18, '2024-10-01 07:15:03', 11.73),
    (26, 19, '2024-11-29 08:03:17', 71.15),
    (26, 19, '2024-09-19 08:33:34', 37.06),
    (26, 19, '2024-12-29 01:48:08', 41.38),
    (27, 1, '2024-10-25 11:03:10', null),
    (27, 1, '2024-10-24 23:42:09', 76.51),
    (27, 2, '2024-11-05 01:48:38', 92.78),
    (27, 2, '2024-10-15 19:08:32', 11.1),
    (27, 3, '2024-12-07 23:57:57', 74.59),
    (27, 4, '2024-10-24 06:34:26', 41.32),
    (27, 4, '2024-10-23 21:58:40', null),
    (27, 5, '2024-10-17 06:18:34', 93.1),
    (27, 5, '2024-10-31 23:17:42', null),
    (27, 5, '2024-09-07 09:50:46', 32.38),
    (27, 7, '2024-10-13 14:10:24', 88.73),
    (27, 7, '2024-12-11 23:31:55', 37.59),
    (27, 7, '2024-11-08 16:40:53', 86.11),
    (27, 7, '2024-09-10 11:06:18', 48.46),
    (27, 8, '2024-11-21 04:54:16', 10.44),
    (27, 8, '2024-10-20 08:16:40', 73.82),
    (27, 9, '2024-12-08 19:49:36', null),
    (27, 9, '2024-10-19 06:17:34', 42.3),
    (27, 9, '2024-12-22 14:54:04', 58.78),
    (27, 9, '2024-11-13 23:42:58', 37.69),
    (27, 10, '2024-09-22 22:20:39', 28.0),
    (27, 10, '2024-11-29 04:14:21', 47.45),
    (27, 11, '2024-10-07 19:32:32', 74.07),
    (27, 11, '2024-11-26 15:44:01', 36.2),
    (27, 11, '2024-09-28 05:34:17', 79.62),
    (27, 11, '2024-10-25 22:51:37', 36.58),
    (27, 12, '2024-09-07 09:16:44', null),
    (27, 13, '2024-11-03 11:48:24', 59.7),
    (27, 13, '2024-12-19 13:05:42', 8.18),
    (27, 14, '2024-11-18 15:44:49', 42.42),
    (27, 14, '2024-12-08 04:10:00', 36.11),
    (27, 14, '2024-11-28 18:29:27', 29.42),
    (27, 14, '2024-11-10 08:32:47', 18.86),
    (27, 15, '2024-09-16 18:13:24', 54.95),
    (27, 15, '2024-12-23 13:59:31', 62.01),
    (27, 16, '2024-09-27 03:54:17', 25.04),
    (27, 16, '2024-12-21 04:23:42', 9.51),
    (27, 16, '2024-09-26 05:43:04', 83.21),
    (27, 16, '2024-12-13 17:42:27', 48.11),
    (27, 17, '2024-12-04 17:18:12', 72.84),
    (27, 17, '2024-10-28 13:42:31', 0.32),
    (27, 17, '2024-09-03 05:26:59', 62.28),
    (27, 17, '2024-12-22 10:52:11', 72.5),
    (27, 18, '2024-10-08 01:54:15', 65.53),
    (27, 18, '2024-12-23 16:00:12', 32.27),
    (27, 18, '2024-10-17 14:04:58', 92.96),
    (27, 19, '2024-09-11 14:02:50', 66.53),
    (27, 19, '2024-10-10 09:08:16', 15.71),
    (27, 19, '2024-11-04 14:12:39', 40.53),
    (27, 20, '2024-11-13 02:31:36', 54.01),
    (27, 20, '2024-11-06 05:02:16', 67.25),
    (27, 20, '2024-10-30 03:13:36', 39.09),
    (27, 20, '2024-10-15 13:39:43', 80.63),
    (28, 2, '2024-12-27 00:58:29', 88.63),
    (28, 4, '2024-09-09 15:21:44', 50.29),
    (28, 4, '2024-09-06 18:20:10', 22.81),
    (28, 5, '2024-11-03 06:57:17', null),
    (28, 5, '2024-11-17 19:10:48', 32.48),
    (28, 5, '2024-10-17 15:45:26', 71.37),
    (28, 5, '2024-11-27 16:05:26', 63.64),
    (28, 6, '2024-09-11 16:35:01', 96.15),
    (28, 6, '2024-09-30 06:52:51', 99.07),
    (28, 7, '2024-12-15 07:54:27', 72.99),
    (28, 7, '2024-09-18 23:28:29', 30.13),
    (28, 7, '2024-10-30 05:09:16', 8.58),
    (28, 9, '2024-11-12 19:29:43', 73.25),
    (28, 12, '2024-10-11 20:36:33', 13.97),
    (28, 12, '2024-09-20 08:58:11', 2.29),
    (28, 13, '2024-11-05 07:58:58', 49.92),
    (28, 13, '2024-11-18 19:06:53', 93.37),
    (28, 13, '2024-12-11 08:13:09', 44.78),
    (28, 13, '2024-10-20 09:43:14', 12.74),
    (28, 15, '2024-12-15 11:40:04', 70.82),
    (28, 15, '2024-12-02 03:28:31', 12.36),
    (28, 15, '2024-11-18 19:38:03', 51.8),
    (28, 15, '2024-11-13 02:55:05', 29.56),
    (28, 17, '2024-10-07 04:39:12', 97.91),
    (28, 17, '2024-12-03 00:42:20', 93.19),
    (28, 17, '2024-10-21 08:27:50', 15.19),
    (28, 17, '2024-10-08 12:34:42', 50.64),
    (28, 18, '2024-12-24 03:52:36', 28.64),
    (28, 18, '2024-12-13 15:19:43', null),
    (28, 18, '2024-11-29 05:31:34', null),
    (28, 18, '2024-09-28 06:45:53', 2.91),
    (28, 19, '2024-11-12 21:33:03', 74.27),
    (28, 19, '2024-09-28 10:21:48', 34.04),
    (28, 19, '2024-10-29 00:36:50', 64.49),
    (28, 20, '2024-09-19 19:22:22', 39.21),
    (28, 20, '2024-10-28 13:41:52', 34.56),
    (28, 20, '2024-11-21 09:11:27', 90.04),
    (28, 20, '2024-10-03 03:15:22', 65.69),
    (29, 2, '2024-12-30 05:56:12', 87.48),
    (29, 3, '2024-12-22 03:32:55', 69.98),
    (29, 3, '2024-12-14 03:56:45', 32.61),
    (29, 4, '2024-12-17 18:42:20', 63.93),
    (29, 4, '2024-12-14 22:03:39', 90.66),
    (29, 4, '2024-10-08 06:13:49', 15.6),
    (29, 4, '2024-09-19 10:57:22', 40.22),
    (29, 5, '2024-09-01 10:46:15', 7.52),
    (29, 5, '2024-11-22 10:57:30', null),
    (29, 6, '2024-11-24 22:37:42', 87.74),
    (29, 6, '2024-10-10 04:39:44', 34.53),
    (29, 7, '2024-10-18 08:49:05', 90.24),
    (29, 7, '2024-10-11 05:06:53', 69.21),
    (29, 8, '2024-12-26 08:58:34', 31.21),
    (29, 8, '2024-10-17 08:12:23', 39.66),
    (29, 9, '2024-10-19 19:51:40', 54.74),
    (29, 9, '2024-12-18 06:22:33', 99.73),
    (29, 9, '2024-11-15 00:15:16', 10.8),
    (29, 10, '2024-10-10 02:40:14', 80.86),
    (29, 10, '2024-11-03 03:35:06', 36.28),
    (29, 11, '2024-11-20 03:09:58', 37.38),
    (29, 12, '2024-10-26 19:32:49', 52.12),
    (29, 12, '2024-12-29 08:06:38', 3.78),
    (29, 12, '2024-12-12 20:05:50', 48.95),
    (29, 12, '2024-11-02 05:58:39', 45.31),
    (29, 13, '2024-11-15 20:16:36', 10.16),
    (29, 13, '2024-12-30 18:28:38', 86.89),
    (29, 13, '2024-12-02 17:44:52', 98.46),
    (29, 15, '2024-11-07 12:09:05', 51.15),
    (29, 15, '2024-11-09 03:28:25', 69.88),
    (29, 15, '2024-12-21 22:31:48', null),
    (29, 15, '2024-10-13 07:02:09', 38.5),
    (29, 19, '2024-11-23 17:24:09', 81.51),
    (29, 19, '2024-09-25 07:53:04', 93.37),
    (30, 1, '2024-10-27 01:53:32', 54.7),
    (30, 2, '2024-10-12 16:32:06', 56.0),
    (30, 2, '2024-10-21 00:30:56', 79.03),
    (30, 2, '2024-09-17 22:26:08', 85.11),
    (30, 3, '2024-12-14 01:01:45', 25.73),
    (30, 3, '2024-10-18 11:16:37', 46.27),
    (30, 3, '2024-09-06 14:15:42', 97.09),
    (30, 4, '2024-11-16 03:51:23', 99.98),
    (30, 6, '2024-09-19 19:00:04', 14.5),
    (30, 8, '2024-11-03 09:13:39', null),
    (30, 8, '2024-10-12 20:12:22', 67.97),
    (30, 8, '2024-09-11 13:45:16', null),
    (30, 8, '2024-09-18 20:37:42', 1.0),
    (30, 9, '2024-11-07 07:20:05', 90.75),
    (30, 9, '2024-09-19 23:06:34', 5.7),
    (30, 9, '2024-12-10 16:49:32', 17.88),
    (30, 9, '2024-10-27 10:26:04', 41.16),
    (30, 10, '2024-12-20 14:10:02', 28.83),
    (30, 10, '2024-10-05 10:02:12', 67.11),
    (30, 10, '2024-12-24 18:28:35', 84.87),
    (30, 11, '2024-10-05 00:28:41', 36.2),
    (30, 12, '2024-12-17 04:29:01', 91.38),
    (30, 13, '2024-12-26 23:25:01', 19.84),
    (30, 14, '2024-09-07 06:12:26', 90.28),
    (30, 14, '2024-10-20 11:49:52', 75.84),
    (30, 14, '2024-12-18 16:52:47', 14.54),
    (30, 15, '2024-09-16 10:00:57', 67.49),
    (30, 15, '2024-12-02 08:53:11', 93.12),
    (30, 15, '2024-09-29 11:55:48', 33.74),
    (30, 16, '2024-11-08 08:18:54', 21.39),
    (30, 16, '2024-10-27 09:07:24', 61.9),
    (30, 16, '2024-09-21 17:14:39', null),
    (30, 16, '2024-09-13 11:42:08', 98.92),
    (30, 17, '2024-11-09 19:51:48', 39.71),
    (30, 17, '2024-09-15 19:40:32', 41.45),
    (30, 18, '2024-09-24 01:38:15', 0.29),
    (30, 19, '2024-09-26 05:23:27', 37.18),
    (30, 19, '2024-12-14 11:35:51', 67.69),
    (30, 19, '2024-09-03 04:20:13', 10.6),
    (30, 20, '2024-09-10 20:35:10', null),
    (31, 1, '2024-09-15 06:03:07', 14.85),
    (31, 2, '2024-12-08 14:04:34', 7.88),
    (31, 3, '2024-09-21 23:39:42', 92.56),
    (31, 3, '2024-11-14 22:39:23', 34.56),
    (31, 3, '2024-12-27 20:13:36', 57.82),
    (31, 4, '2024-12-27 12:03:30', 87.27),
    (31, 5, '2024-09-07 23:10:24', null),
    (31, 6, '2024-10-02 04:07:38', 75.45),
    (31, 6, '2024-09-21 00:23:39', 81.88),
    (31, 10, '2024-12-02 10:30:58', 84.65),
    (31, 10, '2024-11-04 03:37:03', 39.39),
    (31, 10, '2024-12-03 13:58:39', 12.94),
    (31, 11, '2024-10-18 17:02:41', 40.43),
    (31, 11, '2024-11-03 13:15:30', 54.49),
    (31, 11, '2024-10-22 12:35:11', 71.26),
    (31, 11, '2024-10-01 15:09:42', 13.57),
    (31, 12, '2024-09-30 03:02:32', 96.7),
    (31, 13, '2024-10-15 01:50:30', 27.47),
    (31, 13, '2024-10-09 13:08:08', 29.44),
    (31, 13, '2024-09-28 11:47:36', 27.71),
    (31, 14, '2024-11-09 14:37:59', 82.65),
    (31, 14, '2024-11-26 22:21:14', 18.98),
    (31, 14, '2024-10-18 20:25:09', 9.18),
    (31, 14, '2024-11-04 02:19:09', 53.77),
    (31, 15, '2024-10-10 15:46:35', 49.77),
    (31, 18, '2024-09-23 22:38:42', 46.87),
    (31, 18, '2024-11-15 15:13:37', 34.01),
    (31, 18, '2024-12-18 15:13:38', 98.72),
    (31, 20, '2024-10-25 12:19:28', 66.83),
    (31, 20, '2024-12-04 10:55:00', 70.82),
    (31, 20, '2024-12-13 00:00:24', 47.73),
    (31, 20, '2024-10-11 10:05:20', 89.18),
    (32, 2, '2024-10-18 10:13:56', 62.34),
    (32, 2, '2024-09-11 23:23:53', 92.53),
    (32, 2, '2024-10-11 09:01:17', 17.11),
    (32, 2, '2024-12-26 18:35:07', 91.65),
    (32, 3, '2024-09-10 03:56:16', 93.94),
    (32, 3, '2024-09-10 22:18:31', 84.32),
    (32, 3, '2024-09-23 09:30:53', null),
    (32, 5, '2024-10-12 11:02:22', null),
    (32, 5, '2024-11-09 03:03:52', 63.58),
    (32, 5, '2024-10-18 22:50:15', 52.82),
    (32, 7, '2024-10-08 17:00:43', 24.25),
    (32, 7, '2024-10-28 00:59:59', 2.06),
    (32, 8, '2024-12-18 00:42:50', 34.37),
    (32, 9, '2024-12-06 11:25:51', 78.42),
    (32, 9, '2024-10-13 19:14:04', 61.46),
    (32, 9, '2024-11-26 12:15:40', 73.19),
    (32, 9, '2024-12-23 06:37:21', 80.2),
    (32, 10, '2024-11-01 11:55:36', 69.19),
    (32, 10, '2024-09-30 02:08:12', null),
    (32, 10, '2024-11-03 00:04:57', 17.49),
    (32, 11, '2024-10-06 15:25:44', 84.13),
    (32, 11, '2024-10-09 18:44:41', null),
    (32, 11, '2024-11-28 11:49:26', 98.65),
    (32, 11, '2024-12-11 08:31:34', 14.14),
    (32, 12, '2024-09-06 05:35:08', 15.33),
    (32, 12, '2024-10-11 14:32:46', 55.01),
    (32, 12, '2024-10-25 23:18:27', 59.32),
    (32, 12, '2024-09-05 21:50:27', 11.27),
    (32, 13, '2024-09-21 06:44:11', 37.63),
    (32, 13, '2024-12-09 05:00:38', 74.83),
    (32, 15, '2024-12-01 12:44:58', 59.43),
    (32, 17, '2024-10-15 03:44:24', 48.93),
    (32, 17, '2024-11-11 15:54:41', 57.45),
    (32, 18, '2024-11-04 23:17:38', null),
    (32, 18, '2024-09-05 04:04:18', 8.98),
    (32, 18, '2024-10-11 00:40:46', 77.8),
    (32, 18, '2024-10-07 19:25:09', 30.71),
    (32, 19, '2024-11-13 13:58:44', 96.92),
    (32, 19, '2024-12-07 07:36:53', 80.4),
    (32, 19, '2024-10-15 23:56:47', 81.45);

INSERT INTO session(session_id, subject_id, room_id, session_type, session_status, session_name, session_start, session_end, is_online) 
VALUES
    (1, 1, 1, 'Lecture', 'Scheduled', 'Advanced Algebra', '2024-11-25 09:00:00', '2024-11-25 10:30:00', false),
    (2, 2, 2, 'Lecture', 'Scheduled', 'Introduction to Calculus', '2024-11-25 11:00:00', '2024-11-25 12:30:00', false),
    (3, 7, NULL, 'Practical', 'Scheduled', 'Programming Basics Workshop', '2024-11-26 14:00:00', '2024-11-26 15:30:00', true),
    (4, 10, 4, 'Lecture', 'Scheduled', 'Physics of Motion', '2024-11-26 09:00:00', '2024-11-26 10:30:00', false),
    (5, 13, 5, 'Practical', 'Scheduled', 'Chemical Properties Lab', '2024-11-27 14:00:00', '2024-11-27 15:30:00', false),
    (6, 16, 6, 'Lecture', 'Scheduled', 'Ecosystem Dynamics', '2024-11-28 10:00:00', '2024-11-28 11:30:00', false),
    (7, 17, 9, 'Lecture', 'Scheduled', 'World War II Analysis', '2024-11-28 13:00:00', '2024-11-28 14:30:00', false),
    (8, 18, 10, 'Lecture', 'Scheduled', 'Introduction to Cartography', '2024-11-29 10:00:00', '2024-11-29 11:30:00', false),
    (9, 19, NULL, '1-to-1', 'Scheduled', 'Economic Principles Discussion', '2024-11-29 14:00:00', '2024-11-29 15:00:00', true),
    (10, 22, 11, 'Lecture', 'Scheduled', 'Behavioral Psychology Concepts', '2024-12-01 10:00:00', '2024-12-01 11:30:00', false),
    (11, 25, NULL, '1-to-1', 'Scheduled', 'Ethical Theories Exploration', '2024-12-02 14:00:00', '2024-12-02 15:00:00', true),
    (12, 27, 13, 'Lecture', 'Scheduled', 'Sociological Frameworks', '2024-12-03 09:00:00', '2024-12-03 10:30:00', false),
    (13, 30, 14, 'Lecture', 'Scheduled', 'Political Ideologies', '2024-12-03 11:00:00', '2024-12-03 12:30:00', false),
    (14, 33, 15, 'Lecture', 'Scheduled', 'Artistic Expression Techniques', '2024-12-04 14:00:00', '2024-12-04 15:30:00', false),
    (15, 35, 16, 'Lecture', 'Scheduled', 'Music Composition', '2024-12-04 16:00:00', '2024-12-04 17:30:00', false),
    (16, 36, 17, 'Lecture', 'Scheduled', 'Drama and Acting Skills', '2024-12-05 09:00:00', '2024-12-05 10:30:00', false),
    (17, 37, 18, 'Lecture', 'Scheduled', 'Business Leadership', '2024-12-05 13:00:00', '2024-12-05 14:30:00', false),
    (18, 39, NULL, '1-to-1', 'Scheduled', 'Case Study: Legal Systems', '2024-12-06 11:00:00', '2024-12-06 12:00:00', true),
    (19, 41, 19, 'Lecture', 'Scheduled', 'Environmental Policy', '2024-12-07 10:00:00', '2024-12-07 11:30:00', false),
    (20, 43, 20, 'Lecture', 'Scheduled', 'Advanced Engineering Concepts', '2024-12-07 14:00:00', '2024-12-07 15:30:00', false),
    (21, 3, 6, 'Lecture', 'Scheduled', 'Advanced Geometry', '2024-12-08 09:00:00', '2024-12-08 10:30:00', false),
    (22, 4, 17, 'Lecture', 'Scheduled', 'Shakespearean Literature', '2024-12-08 11:00:00', '2024-12-08 12:30:00', false),
    (23, 8, NULL, 'Practical', 'Scheduled', 'Introduction to Algorithms', '2024-12-09 14:00:00', '2024-12-09 15:30:00', true),
    (24, 11, 20, 'Lecture', 'Scheduled', 'Quantum Mechanics', '2024-12-10 09:00:00', '2024-12-10 10:30:00', false),
    (25, 14, 18, 'Practical', 'Scheduled', 'Organic Chemistry Lab', '2024-12-10 14:00:00', '2024-12-10 15:30:00', false),
    (26, 18, 11, 'Lecture', 'Scheduled', 'Geographical Information Systems', '2024-12-11 10:00:00', '2024-12-11 11:30:00', false),
    (27, 20, NULL, '1-to-1', 'Scheduled', 'Microeconomic Theories', '2024-12-11 14:00:00', '2024-12-11 15:00:00', true),
    (28, 24, 1, 'Lecture', 'Scheduled', 'Psychological Research Methods', '2024-12-12 09:00:00', '2024-12-12 10:30:00', false),
    (29, 26, 5, 'Lecture', 'Scheduled', 'Cultural Sociology', '2024-12-12 11:00:00', '2024-12-12 12:30:00', false),
    (30, 28, 8, 'Lecture', 'Scheduled', 'Social Movements and Change', '2024-12-12 14:00:00', '2024-12-12 15:30:00', false),
    (31, 31, 1, 'Lecture', 'Scheduled', 'Comparative Politics', '2024-12-13 10:00:00', '2024-12-13 11:30:00', false),
    (32, 34, NULL, 'Lecture', 'Scheduled', 'Art History Overview', '2024-12-13 14:00:00', '2024-12-13 15:30:00', true),
    (33, 38, NULL, '1-to-1', 'Scheduled', 'Criminal Law Case Study', '2024-12-14 09:00:00', '2024-12-14 10:00:00', true),
    (34, 40, 13, 'Lecture', 'Scheduled', 'Constitutional Law Basics', '2024-12-14 11:00:00', '2024-12-14 12:30:00', false),
    (35, 41, 17, 'Lecture', 'Scheduled', 'Climate Change Impacts', '2024-12-15 09:00:00', '2024-12-15 10:30:00', false),
    (36, 42, 10, 'Lecture', 'Scheduled', 'Introduction to Renewable Energy', '2024-12-15 11:00:00', '2024-12-15 12:30:00', false),
    (37, 43, 6, 'Lecture', 'Scheduled', 'Robotics and AI', '2024-12-16 09:00:00', '2024-12-16 10:30:00', false),
    (38, 9, NULL, 'Practical', 'Scheduled', 'Database Design Workshop', '2024-12-16 11:00:00', '2024-12-16 12:30:00', true),
    (39, 12, 15, 'Lecture', 'Scheduled', 'Astrophysics Fundamentals', '2024-12-17 09:00:00', '2024-12-17 10:30:00', false),
    (40, 29, 10, 'Lecture', 'Scheduled', 'Political Theory Classics', '2024-12-17 11:00:00', '2024-12-17 12:30:00', false); 

INSERT INTO session_student (session_id, student_id, attendance_status, feedback_general_rating, feedback_online_connection_quality, feedback_concept_understood_rating, feedback_extra_notes)
VALUES
    (1,9, 'Present', 6, 7, 4, 'latin'),
    (1,25, 'Not Present', 10, 1, 10, 'latin'),
    (2,11, 'Present', 9, 9, 1, null),
    (2,12, 'Present', 7, 5, 1, null),
    (2,27, 'Present', 2, 2, 8, 'latin'),
    (3,2, 'Present', null, 2, 10, null),
    (3,10, 'Present', 9, 5, 3, 'latin'),
    (3,15, 'Present', 2, 3, null, 'latin'),
    (4,9, 'Present', 10, 2, 5, null),
    (4,12, 'Present', 1, 5, 7, 'latin'),
    (4,22, 'Present', 8, 7, 4, null),
    (4,23, 'Not Present', 5, 10, 4, null),
    (5,3, 'Present', null, 5, 7, null),
    (5,15, 'Present', 1, 5, 1, 'latin'),
    (5,24, 'Present', 3, 2, 8, 'latin'),
    (5,27, 'Present', 1, null, null, 'latin'),
    (6,2, 'Present', 8, 7, null, null),
    (6,15, 'Present', 10, 8, 3, 'latin'),
    (6,18, 'Present', 4, null, 9, null),
    (6,21, 'Present', 6, 5, 8, null),
    (6,24, 'Present', 1, 10, 7, 'latin'),
    (6,25, 'Present', 10, 5, null, null),
    (6,26, 'Present', 5, 2, 4, null),
    (7,18, 'Present', 4, 1, 1, null),
    (7,20, 'Present', 5, 6, 3, null),
    (7,26, 'Present', 9, 9, 9, 'latin'),
    (7,27, 'Present', 8, 5, 1, 'latin'),
    (7,29, 'Present', 5, 8, 10, 'latin'),
    (7,31, 'Present', 6, 1, 1, 'latin'),
    (8,9, 'Present', 5, 6, 9, null),
    (8,26, 'Present', 7, 2, 6, 'latin'),
    (8,31, 'Present', 10, 3, 9, null),
    (9,4, 'Present', 10, 9, 5, 'latin'),
    (9,8, 'Present', 5, 10, 7, 'latin'),
    (9,12, 'Present', 10, null, 2, null),
    (9,14, 'Present', null, null, 5, null),
    (9,27, 'Present', 10, 2, null, null),
    (9,29, 'Present', 10, 3, 3, 'latin'),
    (10,3, 'Present', 7, 4, 5, null),
    (10,9, 'Present', null, 7, 5, 'latin'),
    (10,17, 'Present', 10, 8, 4, null),
    (10,31, 'Present', null, 2, 10, 'latin'),
    (11,6, 'Present', 4, 3, 3, null),
    (11,17, 'Present', 6, 3, 6, 'latin'),
    (11,18, 'Present', 3, 6, 8, null),
    (11,24, 'Present', 5, 7, 7, null),
    (12,1, 'Present', 8, 10, 8, null),
    (12,2, 'Present', 10, 3, 6, 'latin'),
    (12,21, 'Present', 4, 8, 2, null),
    (12,24, 'Present', 5, 1, 9, 'latin'),
    (12,25, 'Present', 9, 4, 9, null),
    (12,27, 'Present', 10, 4, 3, null),
    (13,2, 'Present', 2, 1, null, null),
    (13,6, 'Present', 9, 8, 9, 'latin'),
    (13,19, 'Present', 10, null, 8, null),
    (14,3, 'Present', null, null, 8, 'latin'),
    (14,13, 'Present', 3, null, 7, 'latin'),
    (14,14, 'Present', 1, 5, 8, null),
    (14,20, 'Present', 2, 9, 3, 'latin'),
    (15,6, 'Present', 4, 2, 7, null),
    (15,8, 'Present', 7, null, 6, 'latin'),
    (15,21, 'Present', 4, null, 7, 'latin'),
    (15,23, 'Present', 9, null, 7, 'latin'),
    (15,25, 'Present', 9, 7, 5, null),
    (16,12, 'Present', 7, 7, 8, 'latin'),
    (16,22, 'Present', 1, 4, null, 'latin'),
    (17,1, 'Present', null, 8, 3, 'latin'),
    (17,7, 'Present', 5, 5, 10, null),
    (17,17, 'Present', 5, 5, 3, 'latin'),
    (17,24, 'Present', 4, 10, 5, 'latin'),
    (18,15, 'Present', 8, 10, 4, null),
    (18,19, 'Present', 3, 6, 2, 'latin'),
    (18,26, 'Present', 2, 3, 4, 'latin'),
    (19,5, 'Present', 5, 8, null, null),
    (19,15, 'Present', 4, 3, 5, 'latin'),
    (19,18, 'Present', 5, 6, 9, null),
    (19,28, 'Present', 8, 10, 6, null),
    (20,1, 'Present', 10, 8, 7, null),
    (20,7, 'Present', 4, 7, 1, null),
    (20,12, 'Present', 8, 10, null, null),
    (20,13, 'Present', 1, 9, 7, 'latin'),
    (20,25, 'Present', 5, 5, 6, 'latin'),
    (20,28, 'Present', 5, 7, 2, null),
    (20,29, 'Present', null, 9, 4, null),
    (21,4, 'Present', 1, 6, 5, null),
    (21,11, 'Present', 7, 3, 4, 'latin'),
    (21,27, 'Present', 9, 5, 3, 'latin'),
    (21,31, 'Present', 4, 7, 8, null),
    (22,6, 'Present', 10, 6, 8, null),
    (22,9, 'Not Present', 7, 4, 10, 'latin'),
    (23,12, 'Present', 2, null, 4, 'latin'),
    (23,20, 'Present', 3, 5, 2, 'latin'),
    (23,23, 'Present', 5, 3, 6, null),
    (23,29, 'Present', 2, null, 4, 'latin'),
    (23,30, 'Present', 8, 1, 7, null),
    (23,32, 'Present', 6, 2, 6, 'latin'),
    (24,6, 'Not Present', 2, 8, 6, 'latin'),
    (24,8, 'Present', 6, 9, 3, 'latin'),
    (24,11, 'Present', 6, null, null, null),
    (24,14, 'Present', 8, 3, 3, 'latin'),
    (25,11, 'Present', 5, 6, 6, null),
    (25,32, 'Present', 6, 4, null, 'latin'),
    (26,1, 'Present', 3, 8, 10, 'latin'),
    (26,13, 'Present', 10, 6, 10, null),
    (26,23, 'Present', 4, null, 8, 'latin'),
    (27,4, 'Present', 4, 3, 8, null),
    (27,7, 'Present', 8, 10, 1, 'latin'),
    (27,16, 'Present', 8, 2, 1, null),
    (27,22, 'Present', null, 7, 10, 'latin'),
    (27,28, 'Present', 2, 1, 6, null),
    (28,7, 'Present', 5, 5, 4, 'latin'),
    (28,14, 'Present', 1, 5, 3, 'latin'),
    (28,24, 'Present', 6, 1, 9, null),
    (28,29, 'Present', 4, 1, 8, 'latin'),
    (28,30, 'Present', 3, 7, null, 'latin'),
    (29,2, 'Present', 3, 1, 9, 'latin'),
    (29,15, 'Present', 3, 6, 7, 'latin'),
    (29,18, 'Present', 7, 9, 1, null),
    (29,30, 'Present', 9, 5, 1, 'latin'),
    (30,17, 'Not Present', 1, 8, null, null),
    (30,21, 'Present', 8, 6, 3, 'latin'),
    (30,25, 'Present', 8, 4, 7, null),
    (30,27, 'Present', 1, 5, 9, null),
    (30,31, 'Present', 8, 2, 7, null),
    (30,32, 'Present', 3, 6, 10, null),
    (31,2, 'Present', 9, 6, null, 'latin'),
    (31,10, 'Present', 8, 3, 8, null),
    (31,20, 'Not Present', 4, 5, null, 'latin'),
    (31,25, 'Present', 3, 4, 5, null),
    (31,27, 'Present', 8, 10, null, 'latin'),
    (31,29, 'Present', 5, 3, 3, null),
    (32,3, 'Present', null, 1, 8, 'latin'),
    (32,13, 'Present', 8, 6, 6, null),
    (32,17, 'Present', 9, null, 7, null),
    (32,30, 'Present', 1, 1, 5, null),
    (32,31, 'Not Present', 8, 1, 9, 'latin'),
    (32,32, 'Present', 5, 4, 9, 'latin'),
    (33,8, 'Present', 7, 9, 7, 'latin'),
    (33,19, 'Present', 3, null, 7, null),
    (33,21, 'Not Present', 6, 2, 7, 'latin'),
    (33,22, 'Present', 9, 9, 4, null),
    (34,2, 'Not Present', 6, null, 2, null),
    (34,3, 'Present', 10, 2, 7, null),
    (34,5, 'Present', 9, 9, 10, null),
    (34,7, 'Present', 1, 10, 7, 'latin'),
    (34,8, 'Not Present', 8, 5, 4, null),
    (34,11, 'Present', 1, 9, 5, 'latin'),
    (34,19, 'Present', 8, null, 1, 'latin'),
    (34,26, 'Present', 3, 9, 5, null),
    (34,30, 'Present', 3, 3, 1, 'latin'),
    (35,2, 'Present', 6, 8, 3, null),
    (35,5, 'Present', 6, 5, 10, null),
    (35,16, 'Not Present', 1, 4, null, null),
    (36,1, 'Not Present', null, 4, 7, 'latin'),
    (36,3, 'Present', 3, 3, 2, null),
    (36,9, 'Present', 1, 4, 10, null),
    (36,17, 'Present', 6, 10, null, 'latin'),
    (36,19, 'Present', 7, null, 2, 'latin'),
    (36,21, 'Present', 8, 2, 4, null),
    (37,1, 'Present', null, null, 7, 'latin'),
    (37,19, 'Present', 5, 9, 10, 'latin'),
    (37,20, 'Present', 3, 3, 5, 'latin'),
    (37,22, 'Not Present', 2, 1, 10, 'latin'),
    (37,23, 'Present', 8, 6, 7, null),
    (37,27, 'Present', 8, 7, 2, null),
    (37,30, 'Present', 9, 3, 8, 'latin'),
    (38,13, 'Present', 9, null, 9, null),
    (38,19, 'Present', 8, 10, 9, null),
    (38,28, 'Present', 4, 1, 10, 'latin'),
    (38,30, 'Not Present', 7, 1, 10, 'latin'),
    (38,31, 'Not Present', 9, 7, 6, null),
    (39,5, 'Present', 1, 9, 9, 'latin'),
    (39,7, 'Present', 6, 7, 7, 'latin'),
    (39,11, 'Present', null, 2, 4, 'latin'),
    (39,13, 'Present', null, 9, 1, 'latin'),
    (39,18, 'Present', 1, 3, 5, null),
    (39,20, 'Present', 4, 10, 5, 'latin'),
    (39,23, 'Present', 7, 2, null, 'latin'),
    (40,6, 'Present', null, 2, 6, null),
    (40,18, 'Not Present', 5, 9, 3, 'latin'),
    (40,25, 'Present', 10, 10, 9, 'latin'),
    (40,29, 'Present', 1, 8, 5, 'latin');

INSERT INTO session_staff (session_id,staff_id)
VALUES
    (9, 30),
    (18, 47),
    (27, 23),
    (33, 39),
    (11, 36),
    (28,2),
    (16,4),
    (38,4),
    (40,5),
    (31,4),
    (40,8),
    (22,3),
    (24,2),
    (26,2),
    (8,35),
    (16,2),
    (23,1),
    (23,3),
    (16,1),
    (4,46),
    (21,4),
    (14,1),
    (1,12),
    (32,6),
    (19,4),
    (34,1),
    (8,11),
    (12,2),
    (14,4),
    (4,6),
    (34,3),
    (26,1),
    (7,23),
    (23,2),
    (40,1),
    (34,8),
    (14,3),
    (31,5),
    (36,2),
    (17,4),
    (6,8),
    (37,8),
    (16,3),
    (38,3),
    (39,3),
    (1,18),
    (3,18),
    (10,4),
    (37,2),
    (32,1),
    (8,2),
    (36,3),
    (38,2),
    (37,4),
    (3,32),
    (6,20),
    (26,4),
    (19,3),
    (38,7),
    (15,3),
    (29,1),
    (12,4),
    (6,27),
    (39,1),
    (20,3),
    (22,2),
    (29,4),
    (15,1),
    (3,21),
    (21,1),
    (5,36),
    (7,38),
    (13,2),
    (30,4),
    (5,14),
    (35,1),
    (14,2),
    (24,1),
    (3,50),
    (32,4),
    (6,39),
    (38,1),
    (32,5),
    (19,2),
    (25,2),
    (32,2),
    (20,1),
    (4,4),
    (30,2),
    (25,1),
    (40,3),
    (10,1),
    (8,8),
    (6,34),
    (24,4),
    (37,1),
    (7,19),
    (35,3),
    (37,3),
    (5,29),
    (25,7),
    (19,1),
    (40,4),
    (4,24),
    (21,2),
    (8,45),
    (3,43),
    (2,2),
    (4,42),
    (24,3),
    (31,1),
    (20,5),
    (4,21),
    (20,4),
    (7,9),
    (6,9),
    (28,4),
    (26,3),
    (16,6),
    (17,2),
    (3,11),
    (28,1),
    (15,2);
    
INSERT INTO enrolment (course_id, student_id, enrolment_status, enrolment_start_date, enrolment_end_date, final_grade_percentage) 
VALUES 
    (1, 5, 'in', '2022-12-22', '2023-12-29', null),
    (1, 11, 'pharetra', '2021-12-22', '2026-10-30', null),
    (1, 15, 'mi pede', '2021-08-14', '2024-11-26', 44.77),
    (2, 5, 'convallis', '2023-04-11', '2025-03-10', null),
    (2, 18, 'dolor', '2021-02-15', '2028-09-18', null),
    (3, 3, 'morbi', '2020-03-14', '2028-12-28', 48.15),
    (3, 30, 'pede justo', '2022-01-24', '2025-04-11', null),
    (4, 16, 'felis', '2022-03-19', '2026-01-14', null),
    (4, 32, 'morbi', '2020-06-19', '2024-03-14', null),
    (4, 29, 'nec sem', '2022-03-25', '2024-10-11', 21.76),
    (4, 4, 'nam', '2024-02-21', '2028-03-13', null),
    (5, 16, 'turpis', '2024-08-27', '2027-01-18', null),
    (5, 2, 'at nulla', '2021-05-01', '2027-09-22', null),
    (5, 20, 'sollicitudin', '2021-04-25', '2026-09-01', null),
    (6, 27, 'felis fusce', '2020-09-05', '2028-09-19', null),
    (6, 12, 'etiam', '2024-01-27', '2027-01-06', null),
    (7, 13, 'volutpat', '2021-01-01', '2027-06-18', 27.84),
    (7, 19, 'enim', '2022-01-20', '2025-06-03', 2.4),
    (8, 28, 'porttitor', '2024-06-05', '2026-08-11', null),
    (10, 10, 'a', '2020-08-03', '2027-03-19', null),
    (11, 25, 'mauris', '2023-04-20', '2025-01-04', null),
    (11, 20, 'orci', '2020-12-09', '2028-12-13', 63.26),
    (11, 22, 'nam', '2020-07-30', '2026-03-25', null),
    (12, 10, 'hac habitasse', '2024-08-03', '2028-02-09', null),
    (12, 27, 'lacinia', '2020-10-05', '2025-02-25', 96.55),
    (12, 8, 'ut blandit', '2020-09-09', '2027-02-10', null),
    (13, 18, 'duis', '2022-08-20', '2024-11-01', null),
    (13, 23, 'eu', '2020-03-28', '2024-12-07', null),
    (14, 32, 'porttitor', '2022-05-30', '2025-12-08', null),
    (14, 27, 'pede', '2022-01-28', '2028-08-11', null),
    (15, 30, 'id nulla', '2024-11-10', '2025-03-25', null),
    (15, 20, 'convallis', '2023-03-24', '2026-12-30', null),
    (16, 1, 'rhoncus', '2022-06-10', '2028-11-28', null),
    (16, 31, 'velit', '2021-10-11', '2026-10-24', 56.6),
    (17, 27, 'nunc donec', '2021-03-29', '2025-09-23', null),
    (17, 18, 'cras', '2021-10-24', '2028-12-13', null),
    (17, 6, 'ligula', '2023-01-16', '2026-09-03', null);

INSERT INTO student_payment (payment_id, enrolment_id, payment_status, payment_amount, payment_datetime)
VALUES
    (1,1,'Payment Success',5000,'2024-12-17 14:00:00'),
    (2,3,'Payment Success',500,'2024-12-10 11:00:00'),
    (3,5,'Payment Pending',200,'2023-12-12 09:00:00'),
    (4,6,'Payment Failed',0,'2023-12-15 06:00:00'),
    (5,7,'Payment Success',7000,'2022-12-30 13:00:00'),
    (6,8,'Payment Success',7000,'2024-12-18 13:00:00'),
    (7,9,'Payment Success',100,'2024-10-11 17:00:00'),
    (8,10,'Payment Success',100,'2024-09-03 16:00:00'),
    (9,12,'Payment Success',100,'2023-12-20 12:00:00'),
    (10,13,'Payment Pending',4000,'2023-12-18 12:00:00'),
    (11,14,'Payment Pending',4000,'2024-02-04 11:00:00'),
    (12,15,'Payment Pending',4000,'2024-07-17 16:00:00'),
    (13,16,'Payment Success',7000,'2024-11-22 16:00:00'),
    (14,17,'Payment Success',7000,'2024-12-17 12:00:00'),
    (15,18,'Payment Success',7000,'2024-12-17 19:00:00'),
    (16,20,'Payment Success',7000,'2024-05-09 15:00:00'),
    (17,24,'Payment Success',8000,'2024-01-01 15:00:00'),
    (18,27,'Payment Failed',0,'2024-06-19 17:00:00'),
    (19,28,'Payment Pending',400,'2024-06-03 09:00:00'),
    (20,30,'Payment Pending',400,'2024-12-17 12:00:00');


-- Queries


-- staff details overview
CREATE OR REPLACE VIEW staff_details AS
SELECT
    CONCAT_WS(' ', staff_first_name, staff_middle_name, staff_last_name) AS "Staff Name",
    staff_email AS "Email",
    branch_name AS "Branch",
    (
        SELECT
            CASE
                WHEN ARRAY_LENGTH(ARRAY_AGG(role_name), 1) > 5 THEN CONCAT(ARRAY_TO_STRING((ARRAY_AGG(role_name))[1:5], ', '), ', ...')
                ELSE ARRAY_TO_STRING((ARRAY_AGG(role_name))[1:5], ', ')
            END
        FROM
            staff_role sr
            JOIN role r ON sr.role_id = r.role_id
        WHERE
            sr.staff_id = s.staff_id
    ) AS "Roles",
    (
        SELECT 
            COUNT(sa.staff_assignment_id)
        FROM
            staff_assignment sa
        WHERE
            sa.staff_id = s.staff_id
            AND sa.assignment_complete = 'FALSE'
            AND sa.assignment_deadline < CURRENT_DATE
    ) AS "No. Overdue Assignments",
    (
        SELECT
            COUNT(ss.session_id)
        FROM
            session_staff ss
        WHERE
            ss.staff_id = s.staff_id
    ) AS "No. sessions taught"
FROM 
    staff s
    JOIN branch b ON s.branch_id = b.branch_id
ORDER BY 
    "No. Overdue Assignments" DESC,
    "Staff Name" ASC;

-- students who haven't had an evaluation session within 6 months
CREATE OR REPLACE VIEW no_recent_eval_session_students AS
SELECT
    CONCAT_WS(' ', student_first_name, student_middle_name, student_last_name) AS "Student with No Session Within 6 Months",
    COALESCE(MAX(session_datetime)::TEXT, '0 Evaluation Sessions on Record') AS "Most Recent Session"
FROM student
    LEFT JOIN evaluation_session
        USING (student_id)
GROUP BY "Student with No Session Within 6 Months"
HAVING (MAX(session_datetime) < NOW() - INTERVAL '6 MONTHS') OR (MAX(session_datetime) IS NULL)
ORDER BY "Most Recent Session";


-- which students haven't FULLY paid for their enrolment and how much is owed
CREATE OR REPLACE VIEW student_enrolment_not_fully_paid AS
SELECT
    CONCAT_WS(' ', student_first_name, student_middle_name, student_last_name) AS "Student",
    course_name AS "Course",
    SUM(course_cost) AS "Course Cost", -- has to be included, but since its always a single value, SUM aggregate function is used
    CONCAT(
        SUM(CASE WHEN payment_status = 'Payment Success' THEN COALESCE(payment_amount, 0.00) ELSE 0.00 END),
        ' / ',
        SUM(CASE WHEN payment_status != 'Payment Success' THEN COALESCE(payment_amount, 0.00) ELSE 0.00 END))
    AS "Total Successful/Unsuccessful Payments",
    SUM(course_cost) - SUM(COALESCE(payment_amount, 0.00)) AS "Amount Left to Pay"
FROM enrolment
    LEFT JOIN student_payment
        USING (enrolment_id)
    JOIN student
        USING (student_id)
    JOIN course
        USING (course_id)
GROUP BY "Student", "Course"
HAVING (SUM(course_cost) - SUM(CASE WHEN payment_status = 'Payment Success' THEN COALESCE(payment_amount, 0.00) ELSE 0.00 END) > 0.00)
ORDER BY "Amount Left to Pay" DESC;



-- top 5 lowest and highest concept understood sessions, alongside staff
-- Version 1 (VIEW) (slower)
/*
CREATE OR REPLACE VIEW all_session_feedback AS
SELECT
    session_id AS "Session ID",
    round(AVG(feedback_general_rating), 1) as "Average General Rating",
    round(AVG(feedback_concept_understood_rating), 1) as "Average Rating of Concept Understood",
    string_agg(distinct concat_ws(' ', staff_first_name, staff_middle_name, staff_last_name), ', ') as "Staff in Session"
FROM session_student
    join session_staff
        using (session_id)
    join staff
        using (staff_id)
GROUP BY session_id
ORDER BY "Average Rating of Concept Understood" DESC, "Average General Rating" DESC;
(SELECT *, row_number() OVER () AS "Rank" FROM all_session_feedback LIMIT 5)
UNION ALL
(SELECT *, row_number() OVER () AS "Rank" FROM all_session_feedback OFFSET (SELECT COUNT(*) - 5 FROM all_session_feedback) LIMIT 5);
*/
-- Version 2 (WITH)
CREATE OR REPLACE VIEW all_session_feedback AS
WITH t AS (
    SELECT
        session_id AS "Session ID",
        round(AVG(feedback_general_rating), 1) as "Average General Rating",
        round(AVG(feedback_concept_understood_rating), 1) as "Average Rating of Concept Understood",
        string_agg(distinct concat_ws(' ', staff_first_name, staff_middle_name, staff_last_name), ', ') as "Staff in Session"
    FROM session_student
        join session_staff
            using (session_id)
        join staff
            using (staff_id)
    GROUP BY session_id
    ORDER BY "Average Rating of Concept Understood" DESC, "Average General Rating" DESC
)
(SELECT *, row_number() OVER () AS "Rank" FROM t LIMIT 5)
UNION ALL
(SELECT *, row_number() OVER () AS "Rank" FROM t OFFSET (SELECT COUNT(*) - 5 FROM t) LIMIT 5);

-- student subject grade for each subject, alongside cases for above/below a mark threshold (70=1st, 60=2:1, etc..), considering capping late submissions (group by student and subject)
-- Query Part 1: all adjusted submission percentages for each student, capping the marks at 40 if it is late, and setting it to 0 if not marked yet (null).
CREATE OR REPLACE VIEW all_adjusted_submissions AS
SELECT 
    student_id,
    assignment_id,
    submission_datetime,
    CASE
        WHEN (assignment_percentage IS NULL) THEN 0.00
        WHEN (submission_datetime > due_date) THEN GREATEST(0.00, LEAST(assignment_percentage, 40.00))
        ELSE assignment_percentage
    END AS "adjusted_percentage"
FROM student_assignment
    JOIN assignment
        USING (assignment_id)
ORDER BY assignment_id;
-- Query Part 2: the maximum percentage multiplied by the assignment weight for any ASSESSED student assignment
CREATE OR REPLACE VIEW all_assessed_weighted_percentages AS
SELECT
    student_id,
    assignment_id,
    ROUND(MAX(adjusted_percentage) * assignment_weight / 100, 2) AS "weighted_assessed_percentage"
FROM all_adjusted_submissions
    JOIN assignment
        USING (assignment_id)
WHERE is_assignment_assessed
GROUP BY student_id, assignment_id, assignment_weight
ORDER BY assignment_id;
-- Query Part 3: the sum of all weighted percentages for every subject
CREATE OR REPLACE VIEW student_subject_total_grade AS
SELECT
    student_id,
    subject_name,
    SUM(weighted_assessed_percentage) AS "subject_grade"
FROM subject
    JOIN assignment
        USING (subject_id)
    JOIN all_assessed_weighted_percentages
        USING (assignment_id)
GROUP BY student_id, subject_name
ORDER BY student_id, subject_name;
-- Query Part 4 (Final): organising this into a single row per student using STRING_AGG, listing student's full name
CREATE OR REPLACE VIEW student_final_grades AS
SELECT
    CONCAT_WS(' ', student_first_name, student_middle_name, student_last_name) AS "Student",
    STRING_AGG(CONCAT(subject_name::TEXT, ' (', CONCAT(subject_grade, '%'), ')'), ', ') AS "Subjects Studied and Final Grades",
    CASE
        WHEN (MIN(subject_grade) < 40.00) THEN 'Yes'
        ELSE 'No'
    END AS "Any Subject Below 40%?"
FROM student_subject_total_grade
    JOIN student
        USING (student_id)
GROUP BY "Student"
ORDER BY "Student";


-- SECURITY (delete all roles beforehand)
DROP OWNED BY teacher; DROP ROLE teacher;
DROP OWNED BY coordinator; DROP ROLE coordinator;


-- teacher role
CREATE ROLE teacher WITH LOGIN PASSWORD 'ses_teach';
GRANT SELECT ON
    department,
    course,
    subject,
    course_subject,
    assignment,
    student_assignment,
    student,
    enrolment,
    session TO teacher;


-- coordinator role
CREATE ROLE coordinator WITH CREATEROLE LOGIN PASSWORD 'ses_coord';
GRANT SELECT ON ALL TABLES IN SCHEMA public TO coordinator;
GRANT INSERT, UPDATE, DELETE ON TABLE
    department,
    course,
    staff,
    course_staff,
    subject,
    course_subject,
    role,
    staff_role,
    branch,
    room,
    facility,
    room_facility,
    health_condition TO coordinator;