INSERT INTO BRANCH (BRANCH_NAME, BRANCH_ADDR1, BRANCH_ADDR2, BRANCH_CITY, BRANCH_POSTCODE, BRANCH_COUNTRY_CODE, BRANCH_EMAIL, BRANCH_PHONE_COUNTRY_CODE, BRANCH_PHONE_NUMBER)
VALUES
    ('Central London', '123 Main St', 'Suite 1', 'London', 'SW1A 1AA', 'GB', 'london@ses.edu', '+44', '1234567890'),
    ('Manchester Hub', '45 Oxford Road', NULL, 'Manchester', 'M1 7ED', 'GB', 'manchester@ses.edu', '+44', '9876543210'),
    ('Edinburgh Campus', '789 Royal Mile', NULL, 'Edinburgh', 'EH1 1YZ', 'GB', 'edinburgh@ses.edu', '+44', '1122334455'),
    ('Bristol Centre', '67 College Green', NULL, 'Bristol', 'BS1 5TA', 'GB', 'bristol@ses.edu', '+44', '5566778899'),
    ('Birmingham South', '34 High St', NULL, 'Birmingham', 'B4 7XX', 'GB', 'birmingham@ses.edu', '+44', '9988776655'),
    ('Cardiff Academy', '12 Queen St', NULL, 'Cardiff', 'CF10 2FW', 'GB', 'cardiff@ses.edu', '+44', '3344556677'),
    ('Oxford Branch', '23 Scholars Lane', NULL, 'Oxford', 'OX1 2JD', 'GB', 'oxford@ses.edu', '+44', '6677889900'),
    ('Leeds Office', '89 University Way', NULL, 'Leeds', 'LS2 3AY', 'GB', 'leeds@ses.edu', '+44', '4455667788'),
    ('Glasgow Learning', '56 Buchanan St', NULL, 'Glasgow', 'G1 3HL', 'GB', 'glasgow@ses.edu', '+44', '2233445566'),
    ('Liverpool Institute', '90 Lime St', NULL, 'Liverpool', 'L1 1NN', 'GB', 'liverpool@ses.edu', '+44', '7788990011');

INSERT INTO Room (room_id, branch_id, room_name, room_type, capacity) VALUES
(1, 1, 'Room A', 'Classroom', 30),
(2, 1, 'Room B', 'Computer Lab', 20),
(3, 1, 'Room C', 'Lecture Hall', 100),
(4, 2, 'Room A', 'Science Lab', 25),
(5, 2, 'Room B', 'Classroom', 35),
(6, 3, 'Room A', 'Computer Lab', 15),
(7, 3, 'Room G', 'Lecture Hall', 120),
(8, 4, 'Room H', 'Science Lab', 20),
(9, 4, 'Room I', 'Classroom', 40),
(10, 5, 'Room J', 'Computer Lab', 25),
(11, 5, 'Room K', 'Lecture Hall', 80),
(12, 6, 'Room L', 'Science Lab', 30),
(13, 6, 'Room M', 'Classroom', 50),
(14, 7, 'Room N', 'Computer Lab', 20),
(15, 8, 'Room O', 'Lecture Hall', 150),
(16, 8, 'Room P', 'Classroom', 45),
(17, 9, 'Room Q', 'Science Lab', 35),
(18, 9, 'Room R', 'Classroom', 60),
(19, 10, 'Room S', 'Computer Lab', 10),
(20, 10, 'Room T', 'Lecture Hall', 200);


INSERT INTO FACILITY (FACILITY_NAME)
VALUES
    ('Projector'),
    ('Whiteboard'),
    ('Smart Board'),
    ('Desktop Computers'),
    ('Printer'),
    ('Scanner'),
    ('3D Printer'),
    ('Microscope'),
    ('Lab Equipment Set'),
    ('Sound System'),
    ('Video Conferencing Equipment'),
    ('Smart Podium'), 
    ('Lockers');

INSERT INTO ROOM_FACILITY (ROOM_ID, FACILITY_ID, QUANTITY) 
VALUES
    (1, 1, 1),  -- Projector
    (1, 2, 1),  -- Whiteboard
    (2, 4, 20), -- Desktop Computers
    (2, 5, 1),  -- Printer
    (2, 6, 1),  -- Scanner
    (3, 1, 1),  -- Projector
    (3, 10, 1), -- Sound System
    (4, 8, 1),  -- Microscope
    (4, 9, 1),  -- Lab Equipment Set
    (5, 1, 1),  -- Projector
    (5, 2, 1),  -- Whiteboard
    (6, 4, 15), -- Desktop Computers
    (6, 5, 1),  -- Printer
    (6, 6, 1),  -- Scanner
    (10, 4, 25), -- Desktop Computers
    (10, 5, 1),  -- Printer
    (10, 6, 1),  -- Scanner
    (11, 1, 1),  -- Projector
    (11, 10, 1), -- Sound System
    (12, 8, 1),  -- Microscope
    (12, 9, 1), -- Lab Equipment Set
    (13, 1, 1),  -- Projector
    (13, 2, 1),  -- Whiteboard
    (14, 4, 20), -- Desktop Computers
    (14, 5, 1),  -- Printer
    (14, 6, 1);  -- Scanner

INSERT INTO department(DEPT_NAME, DESCRIPTION)
VALUES
    ('Technology', 'Nullam sit amet turpis elementum ligula vehicula consequat. Morbi a ipsum. Integer a nibh. In quis justo. Maecenas rhoncus aliquam lacus. Morbi quis tortor id nulla ultrices aliquet.'),
    ('Humanities', 'Maecenas tristique, est et tempus semper, est quam pharetra magna, ac consequat metus sapien ut nunc. Vestibulum ante ipsum primis in faucibus orci luctus et ultrices posuere cubilia Curae.'),
    ('HR', 'Cras mi pede, malesuada in, imperdiet et, commodo vulputate, justo. In blandit ultrices enim. Lorem ipsum dolor sit amet, consectetuer adipiscing elit. Proin interdum mauris non ligula pellentesque ultrices.'),
    ('Business', 'Vestibulum quam sapien, varius ut, blandit non, interdum in, ante. Vestibulum ante ipsum primis in faucibus orci luctus et ultrices posuere cubilia Curae; Duis faucibus accumsan odio. Curabitur convallis.'),
    ('Vocational Training', 'In congue. Etiam justo. Etiam pretium iaculis justo.'),
    ('Sciences', 'Curabitur in libero ut massa volutpat convallis. Morbi odio odio, elementum eu, interdum eu, tincidunt in, leo. Maecenas pulvinar lobortis est. Phasellus sit amet erat. Nulla tempus. Vivamus in felis eu sapien cursus vestibulum.'),
    ('Health & Medical', 'Phasellus in felis. Donec semper sapien a libero. Nam dui. Proin leo odio, porttitor id, consequat in, consequat ut, nulla. Sed accumsan felis. Ut at dolor quis odio consequat varius.'),
    ('Social Sciences', 'Nullam sit amet turpis elementum ligula vehicula consequat. Morbi a ipsum. Integer a nibh. In quis justo. Maecenas rhoncus aliquam lacus. Morbi quis tortor id nulla ultrices aliquet.'),
    ('Computer Science', 'Focus on software, hardware, and IT systems'),
    ('Business Administration', 'Studies in business management and strategy'),
    ('Engineering', 'Covers civil, mechanical, and electrical engineering'),
    ('Biology', 'Studies in life sciences and organisms'),
    ('Physics', 'Focus on the laws of nature and physical phenomena'),
    ('Mathematics', 'Specializes in pure and applied mathematics'),
    ('History', 'Focus on historical events and analysis'),
    ('Literature', 'Studies in prose, poetry, and drama'),
    ('Arts', 'Focus on visual and performing arts'),
    ('Education', 'Dedicated to teaching methods and pedagogy');


INSERT INTO HEALTH_CONDITION (HEALTH_CONDITION_NAME, HEALTH_CONDITION_NOTES)
VALUES
    ('Asthma', 'Chronic respiratory condition requiring inhalers'),
    ('Diabetes', 'Metabolic disease requiring insulin management'),
    ('Epilepsy', 'Neurological disorder with recurring seizures'),
    ('Anxiety', 'Mental health condition causing excessive worry'),
    ('Autism Spectrum Disorder', ''),
    ('Depression', 'Mood disorder with persistent feelings of sadness'),
    ('ADHD', 'Attention Deficit Hyperactivity Disorder'),
    ('Dyslexia', 'Learning disorder affecting reading and writing'),
    ('Partial Blindness', ''),
    ('Post-Traumatic Stress Disorder', ''),
    ('Allergies', 'Reactions to substances like pollen or nuts'),
    ('Discalculia', ''),
    ('Migraines', 'Severe headaches often accompanied by nausea'),
    ('Arthritis', 'Inflammation of joints causing pain and stiffness'),
    ('Auditory Processing Disorder', '');

INSERT INTO ROLE (ROLE_NAME, ROLE_DESCRIPTION)
VALUES
    ('Administrator', 'Manages administrative tasks'),
    ('IT Support', 'Provides technical support'),
    ('Tutor', 'Teaches students'),
    ('Cleaner', 'Maintains cleanliness of the branch'),
    ('Security Guard', 'Ensures security of the premises'),
    ('Receptionist', 'Handles inquiries and front desk duties'),
    ('Lab Technician', 'Maintains and prepares lab equipment'),
    ('Finance Manager', 'Manages financial records and budgeting'),
    ('HR Manager', 'Oversees staff and HR functions'),
    ('Academic Advisor', 'Provides guidance to students'),
    ('Course Coordinator', 'Coordinates courses and schedules'),
    ('Marketing Manager', 'Handles marketing and advertising'),
    ('Library Manager', 'Oversees library operations'),
    ('Counselor', 'Provides student counseling services'),
    ('Workshop Facilitator', 'Leads workshops and trainings'),
    ('Research Assistant', 'Supports research projects'),
    ('Event Organizer', 'Plans and manages events'),
    ('Maintenance Worker', 'Handles repairs and maintenance'),
    ('Driver', 'Transports staff or equipment'),
    ('Data Analyst', 'Analyzes and reports on data trends');

INSERT INTO student(STUDENT_EMAIL, STUDENT_FIRST_NAME, STUDENT_MIDDLE_NAME, STUDENT_LAST_NAME, STUDENT_TITLE, STUDENT_MOBILE_CODE, STUDENT_MOBILE, STUDENT_ADDR1, STUDENT_ADDR2, STUDENT_CITY, STUDENT_POSTCODE, STUDENT_COUNTRY_CODE, STUDENT_DATE_OF_BIRTH)
VALUES
    ('oliver.jackson11@example.com', 'Oliver', NULL, 'Jackson', 'Mr', '+44', '7123456791', '654 Elm Crescent', 'Flat 2', 'Liverpool', 'L1 2AB', 'UK', '1998-10-24'),
    ('isabella.martin12@example.com', 'Isabella', NULL, 'Martin', 'Ms', '+44', '7123456792', '987 Oak Court', NULL, 'Southampton', 'SO14 1AD', 'UK', '2000-04-15'),
    ('charlie.clark13@example.com', 'Charlie', 'F.', 'Clark', 'Mx', '+44', '7123456793', '123 Cherry Way', 'Unit 6', 'Manchester', 'M2 2HL', 'UK', '1997-01-05'),
    ('ava.walker14@example.com', 'Ava', NULL, 'Walker', 'Miss', '+44', '7123456794', '432 Palm Road', NULL, 'Newcastle', 'NE1 3QX', 'UK', '1999-12-22'),
    ('noah.lewis15@example.com', 'Noah', 'G.', 'Lewis', 'Mr', '+44', '7123456795', '789 Maple Street', 'Suite 7', 'Leeds', 'LS2 6ZB', 'UK', '2001-06-10'),
    ('mia.harris16@example.com', 'Mia', NULL, 'Harris', 'Ms', '+44', '7123456796', '654 Cedar Drive', 'Flat 3A', 'Bristol', 'BS3 7DP', 'UK', '1999-03-29'),
    ('ethan.young17@example.com', 'Ethan', 'H.', 'Young', 'Mr', '+44', '7123456797', '321 Birch Lane', NULL, 'Edinburgh', 'EH2 4DD', 'UK', '2002-02-18'),
    ('sophie.white18@example.com', 'Sophie', NULL, 'White', 'Ms', '+44', '7123456798', '987 Pine Street', 'Apt 2B', 'Nottingham', 'NG2 5LN', 'UK', '2000-09-09'),
    ('william.king19@example.com', 'William', 'I.', 'King', 'Mr', '+44', '7123456799', '123 Oak Road', 'Flat 4', 'Liverpool', 'L3 7RB', 'UK', '1998-12-03'),
    ('lucy.green20@example.com', 'Lucy', NULL, 'Green', 'Ms', '+44', '7123456800', '876 Willow Crescent', 'Block 1', 'Glasgow', 'G2 5RY', 'UK', '2001-01-17'),
    ('jack.scott21@example.com', 'Jack', 'J.', 'Scott', 'Mr', '+44', '7123456801', '234 Maple Crescent', 'Unit 9', 'Southampton', 'SO15 1RT', 'UK', '2002-06-27'),
    ('olivia.adams22@example.com', 'Olivia', NULL, 'Adams', 'Miss', '+44', '7123456802', '567 Oak Boulevard', 'Suite 5A', 'London', 'E1 7AA', 'UK', '2000-11-02'),
    ('harry.martin23@example.com', 'Harry', 'K.', 'Martin', 'Mr', '+44', '7123456803', '876 Birch Street', 'Unit 2A', 'Manchester', 'M3 8DP', 'UK', '1999-10-14'),
    ('amelia.evans24@example.com', 'Amelia', NULL, 'Evans', 'Miss', '+44', '7123456804', '654 Pine Crescent', NULL, 'Bristol', 'BS4 2AQ', 'UK', '1998-05-30'),
    ('jacob.baker25@example.com', 'Jacob', 'L.', 'Baker', 'Mr', '+44', '7123456805', '321 Cedar Street', 'Block 4', 'Leeds', 'LS3 9DF', 'UK', '2001-07-11'),
    ('ella.james26@example.com', 'Ella', NULL, 'James', 'Ms', '+44', '7123456806', '432 Oak Crescent', 'Flat 6', 'Cardiff', 'CF3 4AP', 'UK', '1999-08-19'),
    ('lucas.davis27@example.com', 'Lucas', 'M.', 'Davis', 'Mr', '+44', '7123456807', '789 Elm Lane', 'Suite 3', 'Nottingham', 'NG3 5QR', 'UK', '1997-12-08'),
    ('charlotte.bell28@example.com', 'Charlotte', NULL, 'Bell', 'Miss', '+44', '7123456808', '123 Pine Avenue', 'Flat 7B', 'Birmingham', 'B2 3YX', 'UK', '2001-04-24'),
    ('james.martinez29@example.com', 'James', 'N.', 'Martinez', 'Mr', '+44', '7123456809', '567 Oak Road', 'Unit 3', 'Glasgow', 'G3 6EH', 'UK', '1998-10-01'),
    ('harper.johnson30@example.com', 'Harper', NULL, 'Johnson', 'Miss', '+44', '7123456810', '432 Birch Road', 'Flat 8A', 'London', 'N1 7PJ', 'UK', '2000-03-14'),
    ('benjamin.clarke31@example.com', 'Benjamin', 'O.', 'Clarke', 'Mr', '+44', '7123456811', '234 Maple Avenue', 'Block 9', 'Bristol', 'BS5 6UX', 'UK', '1997-09-27'),
    ('grace.harris32@example.com', 'Grace', NULL, 'Harris', 'Miss', '+44', '7123456812', '876 Birch Avenue', NULL, 'Cardiff', 'CF4 7QA', 'UK', '2001-02-22'),
    ('zachary.lee33@example.com', 'Zachary', 'P.', 'Lee', 'Mr', '+44', '7123456813', '123 Willow Street', 'Suite 10', 'Leeds', 'LS4 3BG', 'UK', '2002-01-03'),
    ('scarlett.green34@example.com', 'Scarlett', NULL, 'Green', 'Ms', '+44', '7123456814', '654 Pine Road', NULL, 'Southampton', 'SO16 5LR', 'UK', '1999-11-25'),
    ('ryan.taylor35@example.com', 'Ryan', 'Q.', 'Taylor', 'Mr', '+44', '7123456815', '789 Oak Street', 'Unit 2', 'London', 'E2 5BQ', 'UK', '2000-07-21'),
    ('arabella.king36@example.com', 'Arabella', NULL, 'King', 'Miss', '+44', '7123456816', '432 Cedar Avenue', 'Flat 4B', 'Bristol', 'BS6 8WQ', 'UK', '1997-12-19'),
    ('luca.miller37@example.com', 'Luca', 'R.', 'Miller', 'Mr', '+44', '7123456817', '123 Birch Boulevard', 'Block 5', 'Glasgow', 'G4 2ZA', 'UK', '1998-09-10'),
    ('grace.bennett38@example.com', 'Grace', NULL, 'Bennett', 'Miss', '+44', '7123456818', '654 Oak Avenue', 'Flat 9', 'Nottingham', 'NG4 7XT', 'UK', '1999-05-06'),
    ('maximus.scott39@example.com', 'Maximus', 'S.', 'Scott', 'Mr', '+44', '7123456819', '987 Cedar Road', NULL, 'Manchester', 'M4 9LD', 'UK', '2001-03-03'),
    ('lucia.morris40@example.com', 'Lucia', NULL, 'Morris', 'Ms', '+44', '7123456820', '321 Birch Boulevard', 'Unit 8A', 'Leeds', 'LS5 4PT', 'UK', '1998-02-18'),
    ('theo.robinson41@example.com', 'Theo', 'T.', 'Robinson', 'Mr', '+44', '7123456821', '876 Maple Avenue', 'Flat 7', 'Southampton', 'SO17 2RU', 'UK', '2002-12-01'),
    ('eliza.cameron42@example.com', 'Eliza', 'V.', 'Cameron', 'Ms', '+44', '7123456822', '234 Cedar Crescent', 'Block 2A', 'London', 'W1B 1AB', 'UK', '2000-02-09');

INSERT INTO student_health_condition (STUDENT_ID, HEALTH_CONDITION_ID, SEVERITY, STUDENT_HEALTH_NOTES)
VALUES
    (1,3,5,'Mauris nisi mi, dignissim in porttitor sit amet, iaculis volutpat nibh.'),
    (4,3,5,'Fusce aliquam, ligula id faucibus varius,'),
    (7,7,2,'Nullam tempus elit euismod, '),
    (8,2,5,'Fusce quis est quis risus convallis egestas et nec orci.'),
    (9,1,1,'Praesent lorem nunc, gravida nec lacinia at, eleifend nec sem.'),
    (12,1,2,'Donec eget dignissim libero.'),
    (22,12,4,'Nunc semper ante quis dui placerat, et rhoncus eros mattis.'),
    (13,10,3,'Pellentesque ut lobortis libero.'),
    (15,2,4,'Sed risus neque, tempor ultricies justo in, fringilla vehicula augue. Integer pretium ligula ac sapien placerat luctus.'),
    (18,7,5,'Donec sit amet turpis vel turpis tempor egestas.'),
    (20,1,1,'Curabitur eleifend quam eu purus volutpat congue.'),
    (21,1,1,'Etiam nec augue felis. In ultrices tellus et elementum vestibulum.'),
    (21,2,4,'finibus sit amet efficitur vel, mattis molestie ex.'),
    (23,6,5,'Quisque ac neque rutrum, cursus dolor non, aliquam tellus.'),
    (23,1,3,'Quisque ac neque rutrum, cursus dolor non, aliquam tellus.'),
    (29,10,2,'Fusce eget nulla auctor, fringilla erat ut, ullamcorper neque.');

INSERT INTO course (dept_id, course_name, course_description, course_cost) 
VALUES 
    (1, 'grid-enabled', 'faucibus orci luctus et ultrices posuere cubilia curae mauris viverra diam vitae quam suspendisse potenti nullam porttitor lacus at turpis', 7819.92),
    (1, 'Ergonomic', 'erat quisque erat eros viverra eget congue eget semper rutrum nulla nunc purus phasellus in felis donec semper sapien a', 4972.83),
    (2, 'infrastructure', 'tincidunt eget tempus vel pede morbi porttitor lorem id ligula suspendisse ornare consequat lectus in est risus auctor sed tristique', 8792.69),
    (2, 'logistical', 'pulvinar lobortis est phasellus sit amet erat nulla tempus vivamus in felis eu sapien cursus vestibulum proin eu mi nulla', 920.82),
    (3, 'application', 'ultrices posuere cubilia curae nulla dapibus dolor vel est donec odio justo sollicitudin ut suscipit a feugiat et eros vestibulum', 9055.25),
    (4, 'portal', 'primis in faucibus orci luctus et ultrices posuere cubilia curae duis faucibus accumsan odio curabitur convallis duis consequat dui nec', 7907.27),
    (4, 'info-mediaries', 'morbi vestibulum velit id pretium iaculis diam erat fermentum justo nec condimentum neque sapien placerat ante nulla justo aliquam quis', 7676.67),
    (4, 'Robust', 'est phasellus sit amet erat nulla tempus vivamus in felis eu sapien cursus vestibulum proin eu mi nulla ac enim', 2835.99),
    (4, 'coherent', 'ut mauris eget massa tempor convallis nulla neque libero convallis eget eleifend luctus ultricies eu nibh quisque id justo sit', 8169.09),
    (5, 'even-keeled', 'cursus id turpis integer aliquet massa id lobortis convallis tortor risus dapibus augue vel accumsan tellus nisi eu orci mauris', 4685.27),
    (5, 'middleware', 'molestie hendrerit at vulputate vitae nisl aenean lectus pellentesque eget nunc donec quis orci eget orci vehicula condimentum curabitur in', 8737.43),
    (6, 'transitional', 'platea dictumst etiam faucibus cursus urna ut tellus nulla ut erat id mauris vulputate elementum nullam varius nulla facilisi cras', 848.6),
    (7, 'Realigned', 'pellentesque volutpat dui maecenas tristique est et tempus semper est quam pharetra magna ac consequat metus sapien ut nunc vestibulum', 5364.57),
    (8, 'Lorem ipsum', 'pretium quis lectus suspendisse potenti in eleifend quam a odio in hac habitasse platea dictumst maecenas ut massa quis augue', 5842.37),
    (9, 'foreground', 'sapien varius ut blandit non interdum in ante vestibulum ante ipsum primis in faucibus orci luctus et ultrices posuere cubilia', 8105.81),
    (9, 'encompassing', 'vel accumsan tellus nisi eu orci mauris lacinia sapien quis libero nullam sit amet turpis elementum ligula vehicula consequat morbi', 5925.59),
    (10, 'array', 'ridiculus mus vivamus vestibulum sagittis sapien cum sociis natoque penatibus et magnis dis parturient montes nascetur ridiculus mus etiam vel', 7308.02),
    (11, 'core', 'odio cras mi pede malesuada in imperdiet et commodo vulputate justo in blandit ultrices enim lorem ipsum dolor sit amet', 4951.36),
    (12, 'protocol', 'neque libero convallis eget eleifend luctus ultricies eu nibh quisque id justo sit amet sapien dignissim vestibulum vestibulum ante ipsum', 3720.26),
    (13, 'Implemented', 'congue etiam justo etiam pretium iaculis justo in hac habitasse platea dictumst etiam faucibus cursus urna ut tellus nulla ut', 4720.98),
    (14, 'Cloned', 'ante ipsum primis in faucibus orci luctus et ultrices posuere cubilia curae mauris viverra diam vitae quam suspendisse potenti nullam', 9369.12),
    (15, 'Multi-channelled', 'in est risus auctor sed tristique in tempus sit amet sem fusce consequat nulla nisl nunc nisl duis bibendum felis', 116.93),
    (16, 'Single-channelled', 'porttitor id consequat in consequat ut nulla sed accumsan felis ut at dolor quis odio consequat varius integer ac leo', 4144.1),
    (17, 'Stand-alone', 'libero ut massa volutpat convallis morbi odio odio elementum eu interdum eu tincidunt in leo maecenas pulvinar lobortis est phasellus', 5956.19),
    (18, 'framework', 'tortor sollicitudin mi sit amet lobortis sapien sapien non mi integer ac neque duis bibendum morbi non quam nec dui', 6241.94);

INSERT INTO subject(subject_id, subject_name, subject_level, subject_description) 
VALUES
    (1, 'Mathematics', 5, 'Study of numbers, quantities, and shapes.'),
    (2, 'Mathematics', 4, 'Study of numbers, quantities, and shapes.'),
    (3, 'Mathematics', 6, 'Study of numbers, quantities, and shapes.'),
    (4, 'English Literature', 4, 'Analysis and interpretation of literary texts.'),
    (5, 'English Literature', 5, 'Analysis and interpretation of literary texts.'),
    (6, 'English Literature', 7, 'Analysis and interpretation of literary texts.'),
    (7, 'Computer Science', 6, 'Study of computation, programming, and systems.'),
    (8, 'Computer Science', 4, 'Study of computation, programming, and systems.'),
    (9, 'Computer Science', 5, 'Study of computation, programming, and systems.'),
    (10, 'Physics', 5, 'Study of matter, energy, and the physical universe.'),
    (11, 'Physics', 6, 'Study of matter, energy, and the physical universe.'),
    (12, 'Physics', 7, 'Study of matter, energy, and the physical universe.'),
    (13, 'Chemistry', 4, 'Study of substances and their properties.'),
    (14, 'Chemistry', 5, 'Study of substances and their properties.'),
    (15, 'Chemistry', 6, 'Study of substances and their properties.'),
    (16, 'Biology', 5, 'Study of living organisms and ecosystems.'),
    (17, 'History', 4, 'Study of past events and their impact.'),
    (18, 'Geography', 4, 'Study of the Earth and its features.'),
    (19, 'Economics', 5, 'Study of production, distribution, and consumption.'),
    (20, 'Economics', 6, 'Study of production, distribution, and consumption.'),
    (21, 'Economics', 7, 'Study of production, distribution, and consumption.'),
    (22, 'Psychology', 5, 'Study of mind and behavior.'),
    (23, 'Psychology', 6, 'Study of mind and behavior.'),
    (24, 'Psychology', 7, 'Study of mind and behavior.'),
    (25, 'Philosophy', 5, 'Exploration of fundamental questions about existence.'),
    (26, 'Sociology', 4, 'Study of human society and social relationships.'),
    (27, 'Sociology', 5, 'Study of human society and social relationships.'),
    (28, 'Sociology', 6, 'Study of human society and social relationships.'),
    (29, 'Political Science', 5, 'Study of politics and government systems.'),
    (30, 'Political Science', 6, 'Study of politics and government systems.'),
    (31, 'Political Science', 7, 'Study of politics and government systems.'),
    (32, 'Art', 4, 'Creative expression through visual mediums.'),
    (33, 'Art', 5, 'Creative expression through visual mediums.'),
    (34, 'Art', 6, 'Creative expression through visual mediums.'),
    (35, 'Music', 4, 'Study and practice of musical theory and performance.'),
    (36, 'Drama', 4, 'Study and practice of theatrical performance.'),
    (37, 'Business Studies', 6, 'Principles of business and management.'),
    (38, 'Law', 5, 'Study of legal systems and jurisprudence.'),
    (39, 'Law', 6, 'Study of legal systems and jurisprudence.'),
    (40, 'Law', 7, 'Study of legal systems and jurisprudence.'),
    (41, 'Environmental Science', 5, 'Study of the environment and sustainability.'),
    (42, 'Engineering', 6, 'Application of science and math to solve problems.'),
    (43, 'Engineering', 7, 'Application of science and math to solve problems.');


INSERT INTO session(session_id, subject_id, room_id, session_type, session_status, session_name, session_start, session_end, is_online) VALUES
(1, 1, 1, 'Lecture', 'Scheduled', 'Advanced Algebra', '2024-11-25 09:00:00', '2024-11-25 10:30:00', FALSE),
(2, 2, 2, 'Lecture', 'Scheduled', 'Introduction to Calculus', '2024-11-25 11:00:00', '2024-11-25 12:30:00', FALSE),
(3, 7, NULL, 'Practical', 'Scheduled', 'Programming Basics Workshop', '2024-11-26 14:00:00', '2024-11-26 15:30:00', TRUE),
(4, 10, 4, 'Lecture', 'Scheduled', 'Physics of Motion', '2024-11-26 09:00:00', '2024-11-26 10:30:00', FALSE),
(5, 13, 5, 'Practical', 'Scheduled', 'Chemical Properties Lab', '2024-11-27 14:00:00', '2024-11-27 15:30:00', FALSE),
(6, 16, 6, 'Lecture', 'Scheduled', 'Ecosystem Dynamics', '2024-11-28 10:00:00', '2024-11-28 11:30:00', FALSE),
(7, 17, 9, 'Lecture', 'Scheduled', 'World War II Analysis', '2024-11-28 13:00:00', '2024-11-28 14:30:00', FALSE),
(8, 18, 10, 'Lecture', 'Scheduled', 'Introduction to Cartography', '2024-11-29 10:00:00', '2024-11-29 11:30:00', FALSE),
(9, 19, NULL, '1-to-1', 'Scheduled', 'Economic Principles Discussion', '2024-11-29 14:00:00', '2024-11-29 15:00:00', TRUE),
(10, 22, 11, 'Lecture', 'Scheduled', 'Behavioral Psychology Concepts', '2024-12-01 10:00:00', '2024-12-01 11:30:00', FALSE),
(11, 25, NULL, '1-to-1', 'Scheduled', 'Ethical Theories Exploration', '2024-12-02 14:00:00', '2024-12-02 15:00:00', TRUE),
(12, 27, 13, 'Lecture', 'Scheduled', 'Sociological Frameworks', '2024-12-03 09:00:00', '2024-12-03 10:30:00', FALSE),
(13, 30, 14, 'Lecture', 'Scheduled', 'Political Ideologies', '2024-12-03 11:00:00', '2024-12-03 12:30:00', FALSE),
(14, 33, 15, 'Lecture', 'Scheduled', 'Artistic Expression Techniques', '2024-12-04 14:00:00', '2024-12-04 15:30:00', FALSE),
(15, 35, 16, 'Lecture', 'Scheduled', 'Music Composition', '2024-12-04 16:00:00', '2024-12-04 17:30:00', FALSE),
(16, 36, 17, 'Lecture', 'Scheduled', 'Drama and Acting Skills', '2024-12-05 09:00:00', '2024-12-05 10:30:00', FALSE),
(17, 37, 18, 'Lecture', 'Scheduled', 'Business Leadership', '2024-12-05 13:00:00', '2024-12-05 14:30:00', FALSE),
(18, 39, NULL, '1-to-1', 'Scheduled', 'Case Study: Legal Systems', '2024-12-06 11:00:00', '2024-12-06 12:00:00', TRUE),
(19, 41, 19, 'Lecture', 'Scheduled', 'Environmental Policy', '2024-12-07 10:00:00', '2024-12-07 11:30:00', FALSE),
(20, 43, 20, 'Lecture', 'Scheduled', 'Advanced Engineering Concepts', '2024-12-07 14:00:00', '2024-12-07 15:30:00', FALSE),
(21, 3, 6, 'Lecture', 'Scheduled', 'Advanced Geometry', '2024-12-08 09:00:00', '2024-12-08 10:30:00', FALSE),
(22, 4, 17, 'Lecture', 'Scheduled', 'Shakespearean Literature', '2024-12-08 11:00:00', '2024-12-08 12:30:00', FALSE),
(23, 8, NULL, 'Practical', 'Scheduled', 'Introduction to Algorithms', '2024-12-09 14:00:00', '2024-12-09 15:30:00', TRUE),
(24, 11, 20, 'Lecture', 'Scheduled', 'Quantum Mechanics', '2024-12-10 09:00:00', '2024-12-10 10:30:00', FALSE),
(25, 14, 18, 'Practical', 'Scheduled', 'Organic Chemistry Lab', '2024-12-10 14:00:00', '2024-12-10 15:30:00', FALSE),
(26, 18, 11, 'Lecture', 'Scheduled', 'Geographical Information Systems', '2024-12-11 10:00:00', '2024-12-11 11:30:00', FALSE),
(27, 20, NULL, '1-to-1', 'Scheduled', 'Microeconomic Theories', '2024-12-11 14:00:00', '2024-12-11 15:00:00', TRUE),
(28, 24, 1, 'Lecture', 'Scheduled', 'Psychological Research Methods', '2024-12-12 09:00:00', '2024-12-12 10:30:00', FALSE),
(29, 26, 5, 'Lecture', 'Scheduled', 'Cultural Sociology', '2024-12-12 11:00:00', '2024-12-12 12:30:00', FALSE),
(30, 28, 8, 'Lecture', 'Scheduled', 'Social Movements and Change', '2024-12-12 14:00:00', '2024-12-12 15:30:00', FALSE),
(31, 31, 1, 'Lecture', 'Scheduled', 'Comparative Politics', '2024-12-13 10:00:00', '2024-12-13 11:30:00', FALSE),
(32, 34, NULL, 'Lecture', 'Scheduled', 'Art History Overview', '2024-12-13 14:00:00', '2024-12-13 15:30:00', FALSE),
(33, 38, NULL, '1-to-1', 'Scheduled', 'Criminal Law Case Study', '2024-12-14 09:00:00', '2024-12-14 10:00:00', TRUE),
(34, 40, 13, 'Lecture', 'Scheduled', 'Constitutional Law Basics', '2024-12-14 11:00:00', '2024-12-14 12:30:00', FALSE),
(35, 41, 17, 'Lecture', 'Scheduled', 'Climate Change Impacts', '2024-12-15 09:00:00', '2024-12-15 10:30:00', FALSE),
(36, 42, 10, 'Lecture', 'Scheduled', 'Introduction to Renewable Energy', '2024-12-15 11:00:00', '2024-12-15 12:30:00', FALSE),
(37, 43, 6, 'Lecture', 'Scheduled', 'Robotics and AI', '2024-12-16 09:00:00', '2024-12-16 10:30:00', FALSE),
(38, 9, NULL, 'Practical', 'Scheduled', 'Database Design Workshop', '2024-12-16 11:00:00', '2024-12-16 12:30:00', FALSE),
(39, 12, 15, 'Lecture', 'Scheduled', 'Astrophysics Fundamentals', '2024-12-17 09:00:00', '2024-12-17 10:30:00', FALSE),
(40, 29, 10, 'Lecture', 'Scheduled', 'Political Theory Classics', '2024-12-17 11:00:00', '2024-12-17 12:30:00', FALSE);



INSERT INTO emergency_contact(STUDENT_ID, STUDENT_EMERGENCY_CONTACT_FIRST_NAME, STUDENT_EMERGENCY_CONTACT_LAST_NAME, STUDENT_EMERGENCY_CONTACT_RELATIONSHIP, STUDENT_EMERGENCY_PHONE_COUNTRY_CODE, STUDENT_EMERGENCY_CONTACT_NUMBER,STUDENT_EMERGENCY_CONTACT_ALT_NUMBER, STUDENT_EMERGENCY_CONTACT_EMAIL, STUDENT_EMERGENCY_OTHER_DETAILS, EMERGENCY_SHARES_STUDENT_ADDRESS)
VALUES
(1, 'Elfie', 'Loalday', 'Auntie', '+44', '436-675-1224', null, 'eloalday0@dmoz.org', 'Lorem ipsum dolor sit amet, consectetur adipiscing elit.', false),
(2, 'Mendel', 'Betke', 'Mother', '+1', '415-328-5717', null, 'mbetke1@spotify.com', 'Cras consequat diam suscipit eleifend laoreet.', true),
(3, 'Filippo', 'Scaysbrook', 'Father',  '+484', '422-814-1032', null, 'fscaysbrook2@aboutads.info', 'Nulla vel faucibus enim, in malesuada velit', true),
(4, 'Arlette', 'Linzee', 'Auntie', '+498', '575-504-4089', null, 'alinzee3@gnu.org', 'Fusce eget tellus eu urna tempus rutrum eu ut magna. ', false),
(5, 'Karalee', 'Peschmann', 'Mother', '+160', '240-512-8612', null, 'kpeschmann4@domainmarket.com', 'Nullam nec elit neque. Vivamus at velit est.', true),
(6, 'Merci', 'Vassie', 'Grandma', '+404', '840-199-9734', null, 'mvassie5@flavors.me', 'Suspendisse potenti. Nulla commodo facilisis condimentum. Fusce mauris felis, volutpat at metus et, interdum tincidunt risus. Fusce non rhoncus libero.', true),
(7, 'Friedrick', 'Daville', 'Uncle', '+238', '996-198-5614', null, 'fdaville6@printfriendly.com', 'Nulla at elit ac libero vehicula faucibus non id est', false),
(8, 'Edan', 'Riordan', 'Uncle', '+598', '386-940-6060', null, 'eoriordan7@shop-pro.jp', 'Ut sed massa leo.', false),
(9, 'Rodd', 'Sizey', 'Brother', '+255', '322-742-7069', null, 'rsizey8@fc2.com', 'In quis malesuada ligula, eu rutrum elit. ', false),
(10, 'Bart', 'Zanicchelli', 'Brother', '+499', '239-106-4592', null, 'bzanicchelli9@sitemeter.com', 'Aenean eu erat leo.', false),
(11, 'Alf', 'Farrah', 'Father', '+876', '331-189-2747', null, 'afarraha@ed.gov', 'Curabitur viverra vulputate semper.', false),
(12, 'Dreddy', 'Germon', 'Carer', '+655', '623-146-8571', null, 'dgermonb@europa.eu', 'Proin varius condimentum augue sed dignissim. ', false),
(13, 'Lita', 'Renfree', 'Mother', '+683', '802-477-7959', null, 'lrenfreec@behance.net', 'Quisque eros lorem, porttitor et lorem mollis, convallis volutpat orci.', true),
(14, 'Gawen', 'DeMicoli', 'Father', '+123', '794-965-0291', null, 'gdemicolid@spiegel.de', 'Donec eget lectus ornare, ornare nisl et, dapibus lectus.', true),
(15, 'Darnall', 'Lyddyard', 'Father', '+871', '505-230-8115', null, 'dlyddyarde@ycombinator.com', 'Proin vitae ipsum sed ante feugiat pellentesque vitae sed mauris.', true),
(16, 'Logan', 'Mapletoft', 'Father', '+251', '185-511-7290', null, 'lmapletoftf@dropbox.com', 'Nulla eu ex vestibulum, gravida sem non, gravida diam. ', false),
(17, 'Ruggiero', 'Sheepy', 'Father', '+491', '227-828-9121', null, 'rsheepyg@time.com', 'Pellentesque eget rhoncus libero.', false),
(18, 'Monica', 'Bryan', 'Mother', '+753', '622-270-2855', null, 'mbryanh@whitehouse.gov', 'Cras feugiat nisl mauris. Lorem ipsum dolor sit amet, consectetur adipiscing elit.', false),
(19, 'Chrisse', 'MacCall', 'Auntie', '+900', '637-783-1613', null, 'cmaccalli@vistaprint.com', 'Praesent vestibulum, lectus in auctor consectetur, arcu velit auctor risus, eu tempor ipsum lectus quis nibh.', false),
(20, 'Saloma', 'Pierucci', 'Sister', '+857', '915-890-0327', null, 'spieruccij@linkedin.com', 'Cras finibus aliquam mi, vestibulum dapibus sapien tincidunt ac.', false),
(21, 'Averil', 'Longmore', 'Brothe', '+619', '131-803-6062', null, 'alongmorek@zimbio.com', 'Phasellus risus nisi, euismod sed condimentum nec, tincidunt at risus.', true),
(22, 'Emmet', 'Farrent', 'Mother', '+493', '861-119-4978', null, 'efarrentl@csmonitor.com', 'Cras ullamcorper lacinia mauris vel tincidunt. Aliquam molestie quam in nisl accumsan, a pellentesque ipsum vulputate.', true),
(23, 'Stephana', 'Turk', 'Mother', '+182', '321-375-0936', null, 'sturkm@upenn.edu', 'Suspendisse lacinia bibendum mi, sit amet sodales velit auctor vel. Nulla metus purus, aliquet nec urna at, posuere efficitur nibh.', false),
(24, 'Geoff', 'Stamps', 'Father', '+581', '353-365-7774', null, 'gstampsn@amazon.com', 'Pellentesque lacinia nibh et varius ullamcorper.', false),
(25, 'Dan', 'Smewing', 'Father', '+357', '377-883-5350', null, 'dsmewingo@spotify.com', 'Suspendisse porttitor at sapien et egestas.', true),
(26, 'Trevor', 'Gladdis', 'Father', '+283', '992-534-5871', null, 'tgladdisp@msu.edu', 'Sed elementum bibendum ipsum.', false),
(27, 'Rodolphe', 'Bagnell', 'Father', '+984', '602-935-9897', null, 'rbagnellq@intel.com', 'Proin lacus arcu, mattis sit amet dignissim vestibulum, posuere et elit. ', false),
(28, 'Claudian', 'Avrahamov', 'Mother', '+424', '774-202-4186', null, 'cavrahamovr@cbslocal.com', 'Mauris nisi mi, dignissim in porttitor sit amet, iaculis volutpat nibh. Fusce aliquam, ligula id faucibus varius, mauris nisl convallis purus, non porttitor eros tellus vitae est.', false),
(29, 'Donelle', 'Barwise', 'Father', '+646', '127-403-4756', null, 'dbarwises@vk.com', 'Pellentesque ut lobortis libero.', true),
(30, 'Salvidor', 'Spridgen', 'Father', '+227', '342-813-3543', null, 'sspridgent@redcross.org', 'Donec ex ligula, hendrerit ac odio vel, condimentum fermentum dui.', false),
(31, 'Haley', 'Huertas', 'Sister', '+231', '140-588-6102', null, 'hhuertasu@spotify.com', 'Praesent in orci augue.', true);

INSERT INTO enrolment (course_id, student_id, enrolment_status, enrolment_start_date, enrolment_end_date, final_grade_percentage) 
VALUES 
    (1, 5, 'in', '2022-12-22', '2023-12-29', null),
    (1, 11, 'pharetra', '2021-12-22', '2026-10-30', null),
    (1, 15, 'mi pede', '2021-08-14', '2024-11-26', 44.77),
    (2, 5, 'convallis', '2023-04-11', '2025-03-10', null),
    (2, 18, 'dolor', '2021-02-15', '2028-09-18', null),
    (3, 3, 'morbi', '2020-03-14', '2028-12-28', 48.15),
    (3, 30, 'pede justo', '2022-01-24', '2025-04-11', null),
    (4, 16, 'felis', '2022-03-19', '2026-01-14', null),
    (4, 32, 'morbi', '2020-06-19', '2024-03-14', null),
    (4, 29, 'nec sem', '2022-03-25', '2024-10-11', 21.76),
    (4, 4, 'nam', '2024-02-21', '2028-03-13', null),
    (5, 16, 'turpis', '2024-08-27', '2027-01-18', null),
    (5, 2, 'at nulla', '2021-05-01', '2027-09-22', null),
    (5, 20, 'sollicitudin', '2021-04-25', '2026-09-01', null),
    (6, 27, 'felis fusce', '2020-09-05', '2028-09-19', null),
    (6, 12, 'etiam', '2024-01-27', '2027-01-06', null),
    (7, 13, 'volutpat', '2021-01-01', '2027-06-18', 27.84),
    (7, 19, 'enim', '2022-01-20', '2025-06-03', 2.4),
    (8, 28, 'porttitor', '2024-06-05', '2026-08-11', null),
    (10, 10, 'a', '2020-08-03', '2027-03-19', null),
    (11, 25, 'mauris', '2023-04-20', '2025-01-04', null),
    (11, 20, 'orci', '2020-12-09', '2028-12-13', 63.26),
    (11, 22, 'nam', '2020-07-30', '2026-03-25', null),
    (12, 10, 'hac habitasse', '2024-08-03', '2028-02-09', null),
    (12, 27, 'lacinia', '2020-10-05', '2025-02-25', 96.55),
    (12, 8, 'ut blandit', '2020-09-09', '2027-02-10', null),
    (13, 18, 'duis', '2022-08-20', '2024-11-01', null),
    (13, 23, 'eu', '2020-03-28', '2024-12-07', null),
    (14, 32, 'porttitor', '2022-05-30', '2025-12-08', null),
    (14, 27, 'pede', '2022-01-28', '2028-08-11', null),
    (15, 30, 'id nulla', '2024-11-10', '2025-03-25', null),
    (15, 20, 'convallis', '2023-03-24', '2026-12-30', null),
    (16, 1, 'rhoncus', '2022-06-10', '2028-11-28', null),
    (16, 31, 'velit', '2021-10-11', '2026-10-24', 56.6),
    (17, 27, 'nunc donec', '2021-03-29', '2025-09-23', null),
    (17, 18, 'cras', '2021-10-24', '2028-12-13', null),
    (17, 6, 'ligula', '2023-01-16', '2026-09-03', null);

INSERT INTO STAFF (dept_id, branch_id, is_branch_manager, staff_email, staff_mobile_code, staff_mobile_number, staff_first_name, staff_middle_name, staff_last_name, staff_title, staff_addr1, staff_addr2, staff_city, staff_postcode, staff_country_code)
VALUES 
    (9, 2, true, 'sivermee0@smugmug.com', '+591', '17240415489', 'Antonius', null, 'Ivermee', 'Mrs', '8 Stuart Avenue', null, 'Qobu', null, 'AZ'),
    (13, 3, true, 'ndurant1@sun.com', '+586', '62406496215', 'Dollie', null, 'Durant', 'Mrs', '8 Veith Street', null, 'Jabungsisir', null, 'ID'),
    (7, 10, false, 'wmorfey2@gnu.org', '+943', '55195984704', 'Clarissa', null, 'Morfey', 'Mr', '9 Manufacturers Street', null, 'Villanova', '29010', 'IT'),
    (1, 7, true, 'cfriberg3@qq.com', '+1', '15829069274', 'Nigel', null, 'Friberg', 'Mr', '71 Russell Parkway', null, 'Grybów', '33-330', 'PL'),
    (17, 6, false, 'mbennedsen4@vkontakte.ru', '+106', '70117481244', 'Camel', null, 'Bennedsen', 'Ms', '6 Rutledge Park', null, 'Qiaozi', null, 'CN'),
    (4, 2, false, 'bamberson5@histats.com', '+561', '34527050398', 'Bryce', null, 'Amberson', 'Dr', '96124 Mccormick Hill', null, 'São Roque', '9500-701', 'PT'),
    (6, 2, true, 'mmoxsom6@devhub.com', '+422', '81298751964', 'Devinne', null, 'Moxsom', 'Mr', '4294 Prentice Junction', null, 'Zhukovskiy', '142143', 'RU'),
    (8, 4, true, 'kconnah7@ifeng.com', '+259', '30037801243', 'Chelsie', null, 'Connah', 'Mr', '223 1st Trail', 'PO Box 71912', 'Jianfeng', null, 'CN'),
    (12, 7, true, 'sockwell8@nih.gov', '+941', '64511858778', 'Tommi', null, 'Ockwell', 'Dr', '0 Donald Terrace', null, 'Feicheng', null, 'CN'),
    (8, 5, true, 'ccess9@soundcloud.com', '+695', '54988562478', 'Penni', null, 'Cess', 'Mr', '481 Little Fleur Street', null, 'Leeuwarden', '8934', 'NL'),
    (15, 7, true, 'bkilroya@oracle.com', '+830', '11303924694', 'Moyra', null, 'Kilroy', 'Ms', '527 Debs Plaza', null, 'Mir', null, 'BY'),
    (17, 8, false, 'tgrizardb@1und1.de', '+248', '33204852108', 'Fairlie', null, 'Grizard', 'Mr', '267 Mccormick Hill', null, 'Santiago del Estero', '4200', 'AR'),
    (6, 9, true, 'sbenzc@yahoo.com', '+317', '52148502637', 'Justinn', null, 'Benz', 'Mrs', '219 4th Road', null, 'Stryszawa', '34-205', 'PL'),
    (16, 7, false, 'gcallerd@nifty.com', '+695', '85304813459', 'Nell', null, 'Caller', 'Mr', '3 Warrior Junction', 'Room 1816', 'Saky', null, 'UA'),
    (7, 10, true, 'jstanistretee@example.com', '+598', '32130985936', 'Genevra', null, 'Stanistrete', 'Ms', '06 Mandrake Circle', null, 'Corani', null, 'PE'),
    (4, 6, true, 'swallengerf@usda.gov', '+365', '54931967143', 'Verna', 'Silvano', 'Wallenger', 'Mr', '01277 Nelson Street', null, 'Złotów', '77-400', 'PL'),
    (1, 6, true, 'cruttg@indiegogo.com', '+756', '73811050894', 'Wye', null, 'Rutt', 'Mr', '7458 Forest Court', null, 'Huayuan', null, 'CN'),
    (14, 2, true, 'yfoxhallh@dagondesign.com', '+928', '47056543996', 'Cherin', null, 'Foxhall', 'Dr', '16972 4th Pass', null, 'Sionogan', '1104', 'PH'),
    (17, 9, false, 'cchritchleyi@wsj.com', '+323', '21520481772', 'Sela', null, 'Chritchley', 'Ms', '4197 Waubesa Plaza', null, 'Gulonggang', null, 'CN'),
    (15, 7, true, 'mabbottj@discovery.com', '+355', '94394085034', 'Tina', null, 'Abbott', 'Mr', '82229 Miller Trail', null, 'Awilega', null, 'ID'),
    (12, 9, false, 'ffernezk@privacy.gov.au', '+619', '24520949174', 'Jim', null, 'Fernez', 'Mrs', '867 Lighthouse Bay Trail', null, 'Imsil', null, 'KR'),
    (6, 1, false, 'smcbrydel@wired.com', '+201', '76417514116', 'Zaneta', null, 'McBryde', 'Mr', '460 Surrey Point', null, 'Obo', null, 'CN'),
    (6, 9, true, 'jpenhearowm@lulu.com', '+832', '80673895713', 'Mendel', null, 'Penhearow', 'Ms', '2 Rigney Court', null, 'Oslo', '1257', 'NO'),
    (14, 10, true, 'schretienn@tinyurl.com', '+854', '83938438616', 'Shermy', null, 'Chretien', 'Dr', '5892 Stuart Terrace', 'Apt 646', 'Xujiaqiao', null, 'CN'),
    (3, 1, true, 'jlambdino@livejournal.com', '+455', '38596334261', 'Dara', null, 'Lambdin', 'Dr', '88192 Redwing Terrace', null, 'Paris 19', '75949 CEDEX 19', 'FR'),
    (1, 10, true, 'agiovannazzip@foxnews.com', '+644', '64727807873', 'Adelheid', null, 'Giovannazzi', 'Dr', '557 Rigney Avenue', null, 'Richmond', '23237', 'US'),
    (2, 5, false, 'vrickasseq@trellian.com', '+219', '41819672424', 'Kellsie', null, 'Rickasse', 'Ms', '78 North Terrace', null, 'Cataguases', '36770-000', 'BR'),
    (7, 4, false, 'tstruter@canalblog.com', '+905', '91932667111', 'Hal', null, 'Strute', 'Mrs', '79 Fordem Lane', null, 'Mberubu', null, 'NG'),
    (5, 6, true, 'amacranalds@naver.com', '+806', '67703106218', 'Irena', null, 'MacRanald', 'Dr', '5 Pankratz Parkway', null, 'Pontevedra', '36164', 'ES'),
    (4, 5, true, 'ggaenort@domainmarket.com', '+290', '83277026695', 'Jasmina', 'Garwood', 'Gaenor', 'Ms', '692 Sugar Alley', null, 'Dicamay', '6011', 'PH'),
    (18, 5, true, 'cnanuccioiu@ning.com', '+46', '72282329032', 'Sunny', 'Calida', 'Nanuccioi', 'Ms', '88 Rutledge Hill', null, 'Górzno', '87-320', 'PL'),
    (3, 7, false, 'dwillshirev@tinyurl.com', '+573', '70823332073', 'Kalie', null, 'Willshire', 'Dr', '5 Spaight Parkway', null, 'Concepcion', '7213', 'PH'),
    (6, 3, false, 'kbamblettw@networkadvertising.org', '+32', '70751337853', 'Hi', null, 'Bamblett', 'Mrs', '2254 Mitchell Junction', null, 'Cepões', '3505-157', 'PT'),
    (2, 8, true, 'tnevisonx@icio.us', '+448', '88532639034', 'Chester', null, 'Nevison', 'Mrs', '845 Arizona Park', null, 'Kavallári', null, 'GR'),
    (16, 10, false, 'dpawlingy@cdbaby.com', '+794', '62093471048', 'Rozanna', null, 'Pawling', 'Ms', '65256 Monica Junction', null, 'Gedian', null, 'CN'),
    (4, 7, true, 'achewterz@over-blog.com', '+569', '93066170571', 'Bridgette', null, 'Chewter', 'Mr', '310 Forest Plaza', null, 'Namioka', '953-0062', 'JP'),
    (8, 9, true, 'mshervington10@meetup.com', '+36', '64300957002', 'Wallis', null, 'Shervington', 'Ms', '19219 Fordem Avenue', null, 'Astorga', '86730-000', 'BR'),
    (8, 2, true, 'shiscoe11@domainmarket.com', '+138', '29624404947', 'Sylas', 'Shelley', 'Hiscoe', 'Dr', '1 3rd Way', null, 'Żarów', '58-130', 'PL'),
    (10, 6, false, 'kletchmore12@last.fm', '+277', '13645009866', 'Jessi', null, 'Letchmore', 'Ms', '57061 Eggendart Terrace', null, 'San Miguelito', null, 'PA'),
    (5, 8, true, 'cstubley13@sfgate.com', '+563', '31594567455', 'Sylvia', null, 'Stubley', 'Mr', '998 Melrose Court', null, 'Ozerne', null, 'UA'),
    (11, 5, true, 'dcarlozzi14@bbb.org', '+11', '84289929252', 'Damita', null, 'Carlozzi', 'Mr', '4 Forest Parkway', null, 'Hamamatsu', '435-0055', 'JP'),
    (1, 6, false, 'iskamal15@washingtonpost.com', '+869', '76618029899', 'Marj', null, 'Skamal', 'Dr', '346 Dapin Trail', null, 'Riangderi', null, 'ID'),
    (1, 5, false, 'vgethouse16@state.tx.us', '+942', '38442686983', 'Carr', null, 'Gethouse', 'Mr', '97201 Jenifer Avenue', null, 'Zhushan', null, 'CN'),
    (13, 6, true, 'ltoolan17@t.co', '+219', '34268105898', 'Farra', null, 'Toolan', 'Ms', '592 Goodland Junction', null, 'Antrukan', null, 'ID'),
    (4, 5, true, 'ckeough18@nytimes.com', '+289', '27009100874', 'Julianna', null, 'Keough', 'Ms', '2221 Sullivan Place', null, 'Catarina', null, 'NI'),
    (10, 10, false, 'dgarrett19@seattletimes.com', '+976', '40115405813', 'Clemmy', null, 'Garrett', 'Mrs', '27370 John Wall Drive', 'Apt 50', 'Ozalj', '47280', 'HR'),
    (18, 6, false, 'ggillise1a@phoca.cz', '+332', '42709143035', 'Roscoe', 'Griff', 'Gillise', 'Dr', '9635 Morning Crossing', null, 'Szydłowo', '64-930', 'PL'),
    (7, 2, true, 'jbento1b@netvibes.com', '+250', '74037910933', 'Wilt', null, 'Bento', 'Ms', '8120 Shasta Street', null, 'Tsurusaki', '870-0106', 'JP'),
    (4, 9, false, 'jcharnley1c@arizona.edu', '+760', '44161270809', 'Chadd', null, 'Charnley', 'Mr', '1 Londonderry Pass', null, '‘Awartā', null, 'PS'),
    (6, 9, true, 'cgittus1d@biblegateway.com', '+694', '17859014286', 'Fenelia', null, 'Gittus', 'Dr', '3 Clarendon Junction', null, 'Gangnan', null, 'CN');